ISO-10303-21;
HEADER;
FILE_DESCRIPTION(('ViewDefinition[DesignTransferView]'),'2;1');
FILE_NAME('/dev/null','2026-09-26T11:33:31-05:00',(''),(''),'IfcOpenShell 0.8.5','IfcOpenShell 0.8.5','Nobody');
FILE_SCHEMA(('IFC4'));
ENDSEC;
DATA;
#1=IFCPROJECT('3GvXRzqpj85uqEhgefzZdd',$,'Generated House',$,$,$,$,(#10),#5);
#2=IFCSIUNIT(*,.LENGTHUNIT.,$,.METRE.);
#3=IFCSIUNIT(*,.AREAUNIT.,$,.SQUARE_METRE.);
#4=IFCSIUNIT(*,.VOLUMEUNIT.,$,.CUBIC_METRE.);
#5=IFCUNITASSIGNMENT((#3,#4,#2));
#6=IFCCARTESIANPOINT((0.,0.,0.));
#7=IFCDIRECTION((0.,0.,1.));
#8=IFCDIRECTION((1.,0.,0.));
#9=IFCAXIS2PLACEMENT3D(#6,#7,#8);
#10=IFCGEOMETRICREPRESENTATIONCONTEXT($,'Model',3,1.0000000000000001E-05,#9,$);
#11=IFCGEOMETRICREPRESENTATIONSUBCONTEXT('Body','Model',*,*,*,*,#10,$,.MODEL_VIEW.,$);
#12=IFCSITE('18bx71Grf7GeHS5GeygFlv',$,'Site',$,$,#20,$,$,$,$,$,$,$,$);
#13=IFCBUILDING('130r6werf3TRQcun719pnX',$,'Generated House','2-storey rectangular house',$,#25,$,$,$,$,$,$);
#14=IFCRELAGGREGATES('1ndJC9ZWTFQe$XBcPj2WDE',$,$,$,#1,(#12));
#15=IFCRELAGGREGATES('2sNCRGj1fE9PzXDNN_T18J',$,$,$,#12,(#13));
#16=IFCCARTESIANPOINT((0.,0.,0.));
#17=IFCDIRECTION((0.,0.,1.));
#18=IFCDIRECTION((1.,0.,0.));
#19=IFCAXIS2PLACEMENT3D(#16,#17,#18);
#20=IFCLOCALPLACEMENT($,#19);
#21=IFCCARTESIANPOINT((0.,0.,0.));
#22=IFCDIRECTION((0.,0.,1.));
#23=IFCDIRECTION((1.,0.,0.));
#24=IFCAXIS2PLACEMENT3D(#21,#22,#23);
#25=IFCLOCALPLACEMENT(#20,#24);
#26=IFCBUILDINGSTOREY('155q4SRpb6MBgKJjlfR_OQ',$,'Ground Floor',$,$,#37,$,$,$,0.);
#32=IFCRELAGGREGATES('2aQNkfpb14sh8HxIXzWmGb',$,$,$,#13,(#38,#26));
#33=IFCCARTESIANPOINT((0.,0.,0.));
#34=IFCDIRECTION((0.,0.,1.));
#35=IFCDIRECTION((1.,0.,0.));
#36=IFCAXIS2PLACEMENT3D(#33,#34,#35);
#37=IFCLOCALPLACEMENT(#25,#36);
#38=IFCBUILDINGSTOREY('2bkRDxxBn8i84TYtua2NLb',$,'Level 2',$,$,#48,$,$,$,3.);
#44=IFCCARTESIANPOINT((0.,0.,3.));
#45=IFCDIRECTION((0.,0.,1.));
#46=IFCDIRECTION((1.,0.,0.));
#47=IFCAXIS2PLACEMENT3D(#44,#45,#46);
#48=IFCLOCALPLACEMENT(#25,#47);
#49=IFCSURFACESTYLE('Wall',.BOTH.,(#50));
#50=IFCSURFACESTYLESHADING(#51,0.);
#51=IFCCOLOURRGB($,0.90000000000000002,0.89000000000000001,0.85999999999999999);
#52=IFCSURFACESTYLE('Slab',.BOTH.,(#53));
#53=IFCSURFACESTYLESHADING(#54,0.);
#54=IFCCOLOURRGB($,0.62,0.62,0.64000000000000001);
#55=IFCSURFACESTYLE('Roof',.BOTH.,(#56));
#56=IFCSURFACESTYLESHADING(#57,0.);
#57=IFCCOLOURRGB($,0.29999999999999999,0.32000000000000001,0.35999999999999999);
#58=IFCSURFACESTYLE('Door',.BOTH.,(#59));
#59=IFCSURFACESTYLESHADING(#60,0.);
#60=IFCCOLOURRGB($,0.55000000000000004,0.38,0.22);
#61=IFCSURFACESTYLE('Window',.BOTH.,(#62));
#62=IFCSURFACESTYLESHADING(#63,0.55000000000000004);
#63=IFCCOLOURRGB($,0.55000000000000004,0.75,0.90000000000000002);
#64=IFCSURFACESTYLE('Column',.BOTH.,(#65));
#65=IFCSURFACESTYLESHADING(#66,0.);
#66=IFCCOLOURRGB($,0.75,0.75,0.78000000000000003);
#67=IFCSURFACESTYLE('Space',.BOTH.,(#68));
#68=IFCSURFACESTYLESHADING(#69,0.84999999999999998);
#69=IFCCOLOURRGB($,0.40000000000000002,0.69999999999999996,0.94999999999999996);
#70=IFCMATERIAL('Concrete',$,$);
#71=IFCMATERIAL('Masonry',$,$);
#72=IFCMATERIAL('Timber',$,$);
#73=IFCMATERIAL('Glass',$,$);
#74=IFCWALL('0RiPjAO2j9$RnLoACs5Cbr',$,'South wall',$,$,#98,#90,'L1-wall-S',$);
#75=IFCCARTESIANPOINTLIST2D(((0.,0.),(0.,0.29999999999999999),(8.3000000000000007,0.29999999999999999),(8.3000000000000007,0.),(0.,0.)));
#76=IFCINDEXEDPOLYCURVE(#75,$,.F.);
#77=IFCDIRECTION((0.,0.,1.));
#78=IFCARBITRARYCLOSEDPROFILEDEF(.AREA.,$,#76);
#79=IFCCARTESIANPOINT((0.,-0.14999999999999999,0.));
#80=IFCDIRECTION((0.,0.,1.));
#81=IFCDIRECTION((1.,0.,0.));
#82=IFCAXIS2PLACEMENT3D(#79,#80,#81);
#83=IFCEXTRUDEDAREASOLID(#78,#82,#77,3.);
#84=IFCSHAPEREPRESENTATION(#11,'Body','SweptSolid',(#83));
#90=IFCPRODUCTDEFINITIONSHAPE($,$,(#84));
#91=IFCSTYLEDITEM(#83,(#49),'Wall');
#92=IFCRELASSOCIATESMATERIAL('0XIIE46p539wnOT8sLt_T1',$,$,$,(#428,#401,#130,#211,#157,#103,#266,#74,#239,#293,#320,#347,#374,#184),#71);
#93=IFCRELCONTAINEDINSPATIALSTRUCTURE('0kOulE_$f99OVdBXA4ZXqY',$,$,$,(#455,#401,#500,#1138,#74,#1224,#184,#1052,#724,#2478,#130,#428,#845,#679,#965,#374,#157,#103,#2598,#2358),#26);
#94=IFCCARTESIANPOINT((-0.14999999999999999,0.,0.));
#95=IFCDIRECTION((0.,0.,1.));
#96=IFCDIRECTION((1.,0.,0.));
#97=IFCAXIS2PLACEMENT3D(#94,#95,#96);
#98=IFCLOCALPLACEMENT(#37,#97);
#99=IFCPROPERTYSET('3h0Q5Jgmf69hf4XUsPsIb5',$,'Pset_WallCommon',$,(#101,#102));
#100=IFCRELDEFINESBYPROPERTIES('39bshIG85BXBhwo$uoKPp2',$,$,$,(#74),#99);
#101=IFCPROPERTYSINGLEVALUE('IsExternal',$,IFCBOOLEAN(.T.),$);
#102=IFCPROPERTYSINGLEVALUE('LoadBearing',$,IFCBOOLEAN(.T.),$);
#103=IFCWALL('0Syd50C5X5DR4FR5mxD$xA',$,'East wall',$,$,#125,#119,'L1-wall-E',$);
#104=IFCCARTESIANPOINTLIST2D(((0.,0.),(0.,0.29999999999999999),(9.,0.29999999999999999),(9.,0.),(0.,0.)));
#105=IFCINDEXEDPOLYCURVE(#104,$,.F.);
#106=IFCDIRECTION((0.,0.,1.));
#107=IFCARBITRARYCLOSEDPROFILEDEF(.AREA.,$,#105);
#108=IFCCARTESIANPOINT((0.,-0.14999999999999999,0.));
#109=IFCDIRECTION((0.,0.,1.));
#110=IFCDIRECTION((1.,0.,0.));
#111=IFCAXIS2PLACEMENT3D(#108,#109,#110);
#112=IFCEXTRUDEDAREASOLID(#107,#111,#106,3.);
#113=IFCSHAPEREPRESENTATION(#11,'Body','SweptSolid',(#112));
#119=IFCPRODUCTDEFINITIONSHAPE($,$,(#113));
#120=IFCSTYLEDITEM(#112,(#49),'Wall');
#121=IFCCARTESIANPOINT((8.,0.,0.));
#122=IFCDIRECTION((0.,0.,1.));
#123=IFCDIRECTION((6.123233995736766E-17,1.,0.));
#124=IFCAXIS2PLACEMENT3D(#121,#122,#123);
#125=IFCLOCALPLACEMENT(#37,#124);
#126=IFCPROPERTYSET('1jw91$QNb9fROs9nwyHh8Q',$,'Pset_WallCommon',$,(#128,#129));
#127=IFCRELDEFINESBYPROPERTIES('2EpsloFNz5ROmvIdlKFusX',$,$,$,(#103),#126);
#128=IFCPROPERTYSINGLEVALUE('IsExternal',$,IFCBOOLEAN(.T.),$);
#129=IFCPROPERTYSINGLEVALUE('LoadBearing',$,IFCBOOLEAN(.T.),$);
#130=IFCWALL('2seE_WvmD1wvb7o4pi7z4R',$,'North wall',$,$,#152,#146,'L1-wall-N',$);
#131=IFCCARTESIANPOINTLIST2D(((0.,0.),(0.,0.29999999999999999),(8.3000000000000007,0.29999999999999999),(8.3000000000000007,0.),(0.,0.)));
#132=IFCINDEXEDPOLYCURVE(#131,$,.F.);
#133=IFCDIRECTION((0.,0.,1.));
#134=IFCARBITRARYCLOSEDPROFILEDEF(.AREA.,$,#132);
#135=IFCCARTESIANPOINT((0.,-0.14999999999999999,0.));
#136=IFCDIRECTION((0.,0.,1.));
#137=IFCDIRECTION((1.,0.,0.));
#138=IFCAXIS2PLACEMENT3D(#135,#136,#137);
#139=IFCEXTRUDEDAREASOLID(#134,#138,#133,3.);
#140=IFCSHAPEREPRESENTATION(#11,'Body','SweptSolid',(#139));
#146=IFCPRODUCTDEFINITIONSHAPE($,$,(#140));
#147=IFCSTYLEDITEM(#139,(#49),'Wall');
#148=IFCCARTESIANPOINT((8.1500000000000004,9.,0.));
#149=IFCDIRECTION((0.,0.,1.));
#150=IFCDIRECTION((-1.,1.2246467991473532E-16,0.));
#151=IFCAXIS2PLACEMENT3D(#148,#149,#150);
#152=IFCLOCALPLACEMENT(#37,#151);
#153=IFCPROPERTYSET('1uHadtR713PvMeaHs0EuRB',$,'Pset_WallCommon',$,(#155,#156));
#154=IFCRELDEFINESBYPROPERTIES('0Su0FWmF11NxBqXpRsvD1a',$,$,$,(#130),#153);
#155=IFCPROPERTYSINGLEVALUE('IsExternal',$,IFCBOOLEAN(.T.),$);
#156=IFCPROPERTYSINGLEVALUE('LoadBearing',$,IFCBOOLEAN(.T.),$);
#157=IFCWALL('3jESINJl58BPdF6M_7P3mn',$,'West wall',$,$,#179,#173,'L1-wall-W',$);
#158=IFCCARTESIANPOINTLIST2D(((0.,0.),(0.,0.29999999999999999),(9.,0.29999999999999999),(9.,0.),(0.,0.)));
#159=IFCINDEXEDPOLYCURVE(#158,$,.F.);
#160=IFCDIRECTION((0.,0.,1.));
#161=IFCARBITRARYCLOSEDPROFILEDEF(.AREA.,$,#159);
#162=IFCCARTESIANPOINT((0.,-0.14999999999999999,0.));
#163=IFCDIRECTION((0.,0.,1.));
#164=IFCDIRECTION((1.,0.,0.));
#165=IFCAXIS2PLACEMENT3D(#162,#163,#164);
#166=IFCEXTRUDEDAREASOLID(#161,#165,#160,3.);
#167=IFCSHAPEREPRESENTATION(#11,'Body','SweptSolid',(#166));
#173=IFCPRODUCTDEFINITIONSHAPE($,$,(#167));
#174=IFCSTYLEDITEM(#166,(#49),'Wall');
#175=IFCCARTESIANPOINT((0.,9.,0.));
#176=IFCDIRECTION((0.,0.,1.));
#177=IFCDIRECTION((6.123233995736766E-17,-1.,0.));
#178=IFCAXIS2PLACEMENT3D(#175,#176,#177);
#179=IFCLOCALPLACEMENT(#37,#178);
#180=IFCPROPERTYSET('2Bw0HAgVL6nArpCMAF5Aak',$,'Pset_WallCommon',$,(#182,#183));
#181=IFCRELDEFINESBYPROPERTIES('1p4sG2SRn6s9FLvdu4B9d8',$,$,$,(#157),#180);
#182=IFCPROPERTYSINGLEVALUE('IsExternal',$,IFCBOOLEAN(.T.),$);
#183=IFCPROPERTYSINGLEVALUE('LoadBearing',$,IFCBOOLEAN(.T.),$);
#184=IFCWALL('3IrURDNwn6T9SIIcorFwqE',$,'Spine wall',$,$,#206,#200,'L1-wall-spine',$);
#185=IFCCARTESIANPOINTLIST2D(((0.,0.),(0.,0.12),(8.,0.12),(8.,0.),(0.,0.)));
#186=IFCINDEXEDPOLYCURVE(#185,$,.F.);
#187=IFCDIRECTION((0.,0.,1.));
#188=IFCARBITRARYCLOSEDPROFILEDEF(.AREA.,$,#186);
#189=IFCCARTESIANPOINT((0.,-0.059999999999999998,0.));
#190=IFCDIRECTION((0.,0.,1.));
#191=IFCDIRECTION((1.,0.,0.));
#192=IFCAXIS2PLACEMENT3D(#189,#190,#191);
#193=IFCEXTRUDEDAREASOLID(#188,#192,#187,3.);
#194=IFCSHAPEREPRESENTATION(#11,'Body','SweptSolid',(#193));
#200=IFCPRODUCTDEFINITIONSHAPE($,$,(#194));
#201=IFCSTYLEDITEM(#193,(#49),'Wall');
#202=IFCCARTESIANPOINT((0.,4.5,0.));
#203=IFCDIRECTION((0.,0.,1.));
#204=IFCDIRECTION((1.,0.,0.));
#205=IFCAXIS2PLACEMENT3D(#202,#203,#204);
#206=IFCLOCALPLACEMENT(#37,#205);
#207=IFCPROPERTYSET('3iAzyRbb95OOeNtjGZ_B0n',$,'Pset_WallCommon',$,(#209,#210));
#208=IFCRELDEFINESBYPROPERTIES('3$PhnAdob9ruemLR8OcaJh',$,$,$,(#184),#207);
#209=IFCPROPERTYSINGLEVALUE('IsExternal',$,IFCBOOLEAN(.F.),$);
#210=IFCPROPERTYSINGLEVALUE('LoadBearing',$,IFCBOOLEAN(.F.),$);
#211=IFCWALL('2oEZb6QIvBO8uURAV7wlMq',$,'South wall',$,$,#234,#227,'L2-wall-S',$);
#212=IFCCARTESIANPOINTLIST2D(((0.,0.),(0.,0.29999999999999999),(8.3000000000000007,0.29999999999999999),(8.3000000000000007,0.),(0.,0.)));
#213=IFCINDEXEDPOLYCURVE(#212,$,.F.);
#214=IFCDIRECTION((0.,0.,1.));
#215=IFCARBITRARYCLOSEDPROFILEDEF(.AREA.,$,#213);
#216=IFCCARTESIANPOINT((0.,-0.14999999999999999,0.));
#217=IFCDIRECTION((0.,0.,1.));
#218=IFCDIRECTION((1.,0.,0.));
#219=IFCAXIS2PLACEMENT3D(#216,#217,#218);
#220=IFCEXTRUDEDAREASOLID(#215,#219,#214,3.);
#221=IFCSHAPEREPRESENTATION(#11,'Body','SweptSolid',(#220));
#227=IFCPRODUCTDEFINITIONSHAPE($,$,(#221));
#228=IFCSTYLEDITEM(#220,(#49),'Wall');
#229=IFCRELCONTAINEDINSPATIALSTRUCTURE('39$JYXRmzDMPAIpO0$B0T7',$,$,$,(#1670,#2186,#1310,#1430,#478,#2014,#293,#657,#347,#239,#2100,#1928,#211,#320,#266,#1550,#1756,#1842,#2272),#38);
#230=IFCCARTESIANPOINT((-0.14999999999999999,0.,0.));
#231=IFCDIRECTION((0.,0.,1.));
#232=IFCDIRECTION((1.,0.,0.));
#233=IFCAXIS2PLACEMENT3D(#230,#231,#232);
#234=IFCLOCALPLACEMENT(#48,#233);
#235=IFCPROPERTYSET('3D$MXqSOn2NOQ0tmD9mk9o',$,'Pset_WallCommon',$,(#237,#238));
#236=IFCRELDEFINESBYPROPERTIES('3iecEmEsH5IOoANFGKroXz',$,$,$,(#211),#235);
#237=IFCPROPERTYSINGLEVALUE('IsExternal',$,IFCBOOLEAN(.T.),$);
#238=IFCPROPERTYSINGLEVALUE('LoadBearing',$,IFCBOOLEAN(.T.),$);
#239=IFCWALL('3nPkqEDrD5UvCF5ixkT04X',$,'East wall',$,$,#261,#255,'L2-wall-E',$);
#240=IFCCARTESIANPOINTLIST2D(((0.,0.),(0.,0.29999999999999999),(9.,0.29999999999999999),(9.,0.),(0.,0.)));
#241=IFCINDEXEDPOLYCURVE(#240,$,.F.);
#242=IFCDIRECTION((0.,0.,1.));
#243=IFCARBITRARYCLOSEDPROFILEDEF(.AREA.,$,#241);
#244=IFCCARTESIANPOINT((0.,-0.14999999999999999,0.));
#245=IFCDIRECTION((0.,0.,1.));
#246=IFCDIRECTION((1.,0.,0.));
#247=IFCAXIS2PLACEMENT3D(#244,#245,#246);
#248=IFCEXTRUDEDAREASOLID(#243,#247,#242,3.);
#249=IFCSHAPEREPRESENTATION(#11,'Body','SweptSolid',(#248));
#255=IFCPRODUCTDEFINITIONSHAPE($,$,(#249));
#256=IFCSTYLEDITEM(#248,(#49),'Wall');
#257=IFCCARTESIANPOINT((8.,0.,0.));
#258=IFCDIRECTION((0.,0.,1.));
#259=IFCDIRECTION((6.123233995736766E-17,1.,0.));
#260=IFCAXIS2PLACEMENT3D(#257,#258,#259);
#261=IFCLOCALPLACEMENT(#48,#260);
#262=IFCPROPERTYSET('3AuduOKD51juFT_1B5L6G1',$,'Pset_WallCommon',$,(#264,#265));
#263=IFCRELDEFINESBYPROPERTIES('05W2gzu_r0tQsf4cURJcf5',$,$,$,(#239),#262);
#264=IFCPROPERTYSINGLEVALUE('IsExternal',$,IFCBOOLEAN(.T.),$);
#265=IFCPROPERTYSINGLEVALUE('LoadBearing',$,IFCBOOLEAN(.T.),$);
#266=IFCWALL('3wF1X0jsP21wpwrYz_GA0O',$,'North wall',$,$,#288,#282,'L2-wall-N',$);
#267=IFCCARTESIANPOINTLIST2D(((0.,0.),(0.,0.29999999999999999),(8.3000000000000007,0.29999999999999999),(8.3000000000000007,0.),(0.,0.)));
#268=IFCINDEXEDPOLYCURVE(#267,$,.F.);
#269=IFCDIRECTION((0.,0.,1.));
#270=IFCARBITRARYCLOSEDPROFILEDEF(.AREA.,$,#268);
#271=IFCCARTESIANPOINT((0.,-0.14999999999999999,0.));
#272=IFCDIRECTION((0.,0.,1.));
#273=IFCDIRECTION((1.,0.,0.));
#274=IFCAXIS2PLACEMENT3D(#271,#272,#273);
#275=IFCEXTRUDEDAREASOLID(#270,#274,#269,3.);
#276=IFCSHAPEREPRESENTATION(#11,'Body','SweptSolid',(#275));
#282=IFCPRODUCTDEFINITIONSHAPE($,$,(#276));
#283=IFCSTYLEDITEM(#275,(#49),'Wall');
#284=IFCCARTESIANPOINT((8.1500000000000004,9.,0.));
#285=IFCDIRECTION((0.,0.,1.));
#286=IFCDIRECTION((-1.,1.2246467991473532E-16,0.));
#287=IFCAXIS2PLACEMENT3D(#284,#285,#286);
#288=IFCLOCALPLACEMENT(#48,#287);
#289=IFCPROPERTYSET('1LUCmP_V10qe0vEIGiS3lm',$,'Pset_WallCommon',$,(#291,#292));
#290=IFCRELDEFINESBYPROPERTIES('2tbKA1rSPEj9iXav$ivWuU',$,$,$,(#266),#289);
#291=IFCPROPERTYSINGLEVALUE('IsExternal',$,IFCBOOLEAN(.T.),$);
#292=IFCPROPERTYSINGLEVALUE('LoadBearing',$,IFCBOOLEAN(.T.),$);
#293=IFCWALL('1uY45EI8H9ShnKGCmHi0E1',$,'West wall',$,$,#315,#309,'L2-wall-W',$);
#294=IFCCARTESIANPOINTLIST2D(((0.,0.),(0.,0.29999999999999999),(9.,0.29999999999999999),(9.,0.),(0.,0.)));
#295=IFCINDEXEDPOLYCURVE(#294,$,.F.);
#296=IFCDIRECTION((0.,0.,1.));
#297=IFCARBITRARYCLOSEDPROFILEDEF(.AREA.,$,#295);
#298=IFCCARTESIANPOINT((0.,-0.14999999999999999,0.));
#299=IFCDIRECTION((0.,0.,1.));
#300=IFCDIRECTION((1.,0.,0.));
#301=IFCAXIS2PLACEMENT3D(#298,#299,#300);
#302=IFCEXTRUDEDAREASOLID(#297,#301,#296,3.);
#303=IFCSHAPEREPRESENTATION(#11,'Body','SweptSolid',(#302));
#309=IFCPRODUCTDEFINITIONSHAPE($,$,(#303));
#310=IFCSTYLEDITEM(#302,(#49),'Wall');
#311=IFCCARTESIANPOINT((0.,9.,0.));
#312=IFCDIRECTION((0.,0.,1.));
#313=IFCDIRECTION((6.123233995736766E-17,-1.,0.));
#314=IFCAXIS2PLACEMENT3D(#311,#312,#313);
#315=IFCLOCALPLACEMENT(#48,#314);
#316=IFCPROPERTYSET('2Wcd6XDH98Eg9vI7ajjlD3',$,'Pset_WallCommon',$,(#318,#319));
#317=IFCRELDEFINESBYPROPERTIES('3HIsBghIL1e8569ykbUXEM',$,$,$,(#293),#316);
#318=IFCPROPERTYSINGLEVALUE('IsExternal',$,IFCBOOLEAN(.T.),$);
#319=IFCPROPERTYSINGLEVALUE('LoadBearing',$,IFCBOOLEAN(.T.),$);
#320=IFCWALL('1kP8SLhTz8DBT6ZYxfpBaL',$,'Spine wall',$,$,#342,#336,'L2-wall-spine',$);
#321=IFCCARTESIANPOINTLIST2D(((0.,0.),(0.,0.12),(8.,0.12),(8.,0.),(0.,0.)));
#322=IFCINDEXEDPOLYCURVE(#321,$,.F.);
#323=IFCDIRECTION((0.,0.,1.));
#324=IFCARBITRARYCLOSEDPROFILEDEF(.AREA.,$,#322);
#325=IFCCARTESIANPOINT((0.,-0.059999999999999998,0.));
#326=IFCDIRECTION((0.,0.,1.));
#327=IFCDIRECTION((1.,0.,0.));
#328=IFCAXIS2PLACEMENT3D(#325,#326,#327);
#329=IFCEXTRUDEDAREASOLID(#324,#328,#323,3.);
#330=IFCSHAPEREPRESENTATION(#11,'Body','SweptSolid',(#329));
#336=IFCPRODUCTDEFINITIONSHAPE($,$,(#330));
#337=IFCSTYLEDITEM(#329,(#49),'Wall');
#338=IFCCARTESIANPOINT((0.,4.5,0.));
#339=IFCDIRECTION((0.,0.,1.));
#340=IFCDIRECTION((1.,0.,0.));
#341=IFCAXIS2PLACEMENT3D(#338,#339,#340);
#342=IFCLOCALPLACEMENT(#48,#341);
#343=IFCPROPERTYSET('0_$q$dT6v0s9j_Brk6Eaj7',$,'Pset_WallCommon',$,(#345,#346));
#344=IFCRELDEFINESBYPROPERTIES('14i$2CoqrA68nUZp4O7t46',$,$,$,(#320),#343);
#345=IFCPROPERTYSINGLEVALUE('IsExternal',$,IFCBOOLEAN(.F.),$);
#346=IFCPROPERTYSINGLEVALUE('LoadBearing',$,IFCBOOLEAN(.F.),$);
#347=IFCWALL('0Z3pTaJN1EqOL07oLfybII',$,'Partition',$,$,#369,#363,'L2-wall-x1',$);
#348=IFCCARTESIANPOINTLIST2D(((0.,0.),(0.,0.12),(9.,0.12),(9.,0.),(0.,0.)));
#349=IFCINDEXEDPOLYCURVE(#348,$,.F.);
#350=IFCDIRECTION((0.,0.,1.));
#351=IFCARBITRARYCLOSEDPROFILEDEF(.AREA.,$,#349);
#352=IFCCARTESIANPOINT((0.,-0.059999999999999998,0.));
#353=IFCDIRECTION((0.,0.,1.));
#354=IFCDIRECTION((1.,0.,0.));
#355=IFCAXIS2PLACEMENT3D(#352,#353,#354);
#356=IFCEXTRUDEDAREASOLID(#351,#355,#350,3.);
#357=IFCSHAPEREPRESENTATION(#11,'Body','SweptSolid',(#356));
#363=IFCPRODUCTDEFINITIONSHAPE($,$,(#357));
#364=IFCSTYLEDITEM(#356,(#49),'Wall');
#365=IFCCARTESIANPOINT((4.,0.,0.));
#366=IFCDIRECTION((0.,0.,1.));
#367=IFCDIRECTION((6.123233995736766E-17,1.,0.));
#368=IFCAXIS2PLACEMENT3D(#365,#366,#367);
#369=IFCLOCALPLACEMENT(#48,#368);
#370=IFCPROPERTYSET('0zI1JRKCzAIu5YpGtN8oO1',$,'Pset_WallCommon',$,(#372,#373));
#371=IFCRELDEFINESBYPROPERTIES('2PoLkkhpH1uu9Y1a2ETB6_',$,$,$,(#347),#370);
#372=IFCPROPERTYSINGLEVALUE('IsExternal',$,IFCBOOLEAN(.F.),$);
#373=IFCPROPERTYSINGLEVALUE('LoadBearing',$,IFCBOOLEAN(.F.),$);
#374=IFCWALL('3CjhcpPUX7Wg3tVW8yGQgd',$,'Garage front wall',$,$,#396,#390,'garage-wall-S',$);
#375=IFCCARTESIANPOINTLIST2D(((0.,0.),(0.,0.29999999999999999),(6.5,0.29999999999999999),(6.5,0.),(0.,0.)));
#376=IFCINDEXEDPOLYCURVE(#375,$,.F.);
#377=IFCDIRECTION((0.,0.,1.));
#378=IFCARBITRARYCLOSEDPROFILEDEF(.AREA.,$,#376);
#379=IFCCARTESIANPOINT((0.,-0.14999999999999999,0.));
#380=IFCDIRECTION((0.,0.,1.));
#381=IFCDIRECTION((1.,0.,0.));
#382=IFCAXIS2PLACEMENT3D(#379,#380,#381);
#383=IFCEXTRUDEDAREASOLID(#378,#382,#377,3.);
#384=IFCSHAPEREPRESENTATION(#11,'Body','SweptSolid',(#383));
#390=IFCPRODUCTDEFINITIONSHAPE($,$,(#384));
#391=IFCSTYLEDITEM(#383,(#49),'Wall');
#392=IFCCARTESIANPOINT((8.1500000000000004,0.,0.));
#393=IFCDIRECTION((0.,0.,1.));
#394=IFCDIRECTION((1.,0.,0.));
#395=IFCAXIS2PLACEMENT3D(#392,#393,#394);
#396=IFCLOCALPLACEMENT(#37,#395);
#397=IFCPROPERTYSET('03WfLHVKP3n8Q5xUEGFKIb',$,'Pset_WallCommon',$,(#399,#400));
#398=IFCRELDEFINESBYPROPERTIES('2lf52mfRL6Z9wmXKxa0dmN',$,$,$,(#374),#397);
#399=IFCPROPERTYSINGLEVALUE('IsExternal',$,IFCBOOLEAN(.T.),$);
#400=IFCPROPERTYSINGLEVALUE('LoadBearing',$,IFCBOOLEAN(.T.),$);
#401=IFCWALL('3BRbnPaMD1_QJx45EIg48f',$,'Garage side wall',$,$,#423,#417,'garage-wall-E',$);
#402=IFCCARTESIANPOINTLIST2D(((0.,0.),(0.,0.29999999999999999),(6.5,0.29999999999999999),(6.5,0.),(0.,0.)));
#403=IFCINDEXEDPOLYCURVE(#402,$,.F.);
#404=IFCDIRECTION((0.,0.,1.));
#405=IFCARBITRARYCLOSEDPROFILEDEF(.AREA.,$,#403);
#406=IFCCARTESIANPOINT((0.,-0.14999999999999999,0.));
#407=IFCDIRECTION((0.,0.,1.));
#408=IFCDIRECTION((1.,0.,0.));
#409=IFCAXIS2PLACEMENT3D(#406,#407,#408);
#410=IFCEXTRUDEDAREASOLID(#405,#409,#404,3.);
#411=IFCSHAPEREPRESENTATION(#11,'Body','SweptSolid',(#410));
#417=IFCPRODUCTDEFINITIONSHAPE($,$,(#411));
#418=IFCSTYLEDITEM(#410,(#49),'Wall');
#419=IFCCARTESIANPOINT((14.5,0.,0.));
#420=IFCDIRECTION((0.,0.,1.));
#421=IFCDIRECTION((6.123233995736766E-17,1.,0.));
#422=IFCAXIS2PLACEMENT3D(#419,#420,#421);
#423=IFCLOCALPLACEMENT(#37,#422);
#424=IFCPROPERTYSET('1l$oH4vJvCp8leQG8o4VTC',$,'Pset_WallCommon',$,(#426,#427));
#425=IFCRELDEFINESBYPROPERTIES('19dXb2sBT54gqZR3WVP5rn',$,$,$,(#401),#424);
#426=IFCPROPERTYSINGLEVALUE('IsExternal',$,IFCBOOLEAN(.T.),$);
#427=IFCPROPERTYSINGLEVALUE('LoadBearing',$,IFCBOOLEAN(.T.),$);
#428=IFCWALL('2Sfj9lZoD8chmnjWkqa7ye',$,'Garage back wall',$,$,#450,#444,'garage-wall-N',$);
#429=IFCCARTESIANPOINTLIST2D(((0.,0.),(0.,0.29999999999999999),(6.5,0.29999999999999999),(6.5,0.),(0.,0.)));
#430=IFCINDEXEDPOLYCURVE(#429,$,.F.);
#431=IFCDIRECTION((0.,0.,1.));
#432=IFCARBITRARYCLOSEDPROFILEDEF(.AREA.,$,#430);
#433=IFCCARTESIANPOINT((0.,-0.14999999999999999,0.));
#434=IFCDIRECTION((0.,0.,1.));
#435=IFCDIRECTION((1.,0.,0.));
#436=IFCAXIS2PLACEMENT3D(#433,#434,#435);
#437=IFCEXTRUDEDAREASOLID(#432,#436,#431,3.);
#438=IFCSHAPEREPRESENTATION(#11,'Body','SweptSolid',(#437));
#444=IFCPRODUCTDEFINITIONSHAPE($,$,(#438));
#445=IFCSTYLEDITEM(#437,(#49),'Wall');
#446=IFCCARTESIANPOINT((14.65,6.5,0.));
#447=IFCDIRECTION((0.,0.,1.));
#448=IFCDIRECTION((-1.,1.2246467991473532E-16,0.));
#449=IFCAXIS2PLACEMENT3D(#446,#447,#448);
#450=IFCLOCALPLACEMENT(#37,#449);
#451=IFCPROPERTYSET('21eAaA1Jn0xQYVxu7TIlaJ',$,'Pset_WallCommon',$,(#453,#454));
#452=IFCRELDEFINESBYPROPERTIES('2GGGKZj218zgHj7ptOExB8',$,$,$,(#428),#451);
#453=IFCPROPERTYSINGLEVALUE('IsExternal',$,IFCBOOLEAN(.T.),$);
#454=IFCPROPERTYSINGLEVALUE('LoadBearing',$,IFCBOOLEAN(.T.),$);
#455=IFCSLAB('12Yi0MT6PCFOp7m$zwxPi$',$,'Ground Floor slab',$,$,#474,#467,'L1-floor',.FLOOR.);
#456=IFCCARTESIANPOINTLIST2D(((0.,0.),(8.,0.),(8.,9.),(0.,9.)));
#457=IFCINDEXEDPOLYCURVE(#456,$,$);
#458=IFCDIRECTION((0.,0.,1.));
#459=IFCARBITRARYCLOSEDPROFILEDEF(.AREA.,$,#457);
#460=IFCEXTRUDEDAREASOLID(#459,$,#458,0.20000000000000001);
#461=IFCSHAPEREPRESENTATION(#11,'Body','SweptSolid',(#460));
#467=IFCPRODUCTDEFINITIONSHAPE($,$,(#461));
#468=IFCSTYLEDITEM(#460,(#52),'Slab');
#469=IFCRELASSOCIATESMATERIAL('1iEcPJUY5AkR9jkiVBWMup',$,$,$,(#455,#478,#500,#679,#657),#70);
#470=IFCCARTESIANPOINT((0.,0.,-0.20000000000000001));
#471=IFCDIRECTION((0.,0.,1.));
#472=IFCDIRECTION((1.,0.,0.));
#473=IFCAXIS2PLACEMENT3D(#470,#471,#472);
#474=IFCLOCALPLACEMENT(#37,#473);
#475=IFCPROPERTYSET('2v8Ro6y4j2SRhgGlHB9fza',$,'Pset_SlabCommon',$,(#477));
#476=IFCRELDEFINESBYPROPERTIES('1ODi32$Jb7lR7lKNHz7IO$',$,$,$,(#455),#475);
#477=IFCPROPERTYSINGLEVALUE('IsExternal',$,IFCBOOLEAN(.F.),$);
#478=IFCSLAB('1HFfWx34fEGxmzmOqSAuIN',$,'Level 2 slab',$,$,#496,#490,'L2-floor',.FLOOR.);
#479=IFCCARTESIANPOINTLIST2D(((0.,0.),(8.,0.),(8.,9.),(0.,9.)));
#480=IFCINDEXEDPOLYCURVE(#479,$,$);
#481=IFCDIRECTION((0.,0.,1.));
#482=IFCARBITRARYCLOSEDPROFILEDEF(.AREA.,$,#480);
#483=IFCEXTRUDEDAREASOLID(#482,$,#481,0.20000000000000001);
#484=IFCSHAPEREPRESENTATION(#11,'Body','SweptSolid',(#483));
#490=IFCPRODUCTDEFINITIONSHAPE($,$,(#484));
#491=IFCSTYLEDITEM(#483,(#52),'Slab');
#492=IFCCARTESIANPOINT((0.,0.,-0.20000000000000018));
#493=IFCDIRECTION((0.,0.,1.));
#494=IFCDIRECTION((1.,0.,0.));
#495=IFCAXIS2PLACEMENT3D(#492,#493,#494);
#496=IFCLOCALPLACEMENT(#48,#495);
#497=IFCPROPERTYSET('1nSdj8$Y96mQdx6BpfX4nC',$,'Pset_SlabCommon',$,(#499));
#498=IFCRELDEFINESBYPROPERTIES('0$EUhF93f3IvY3LC5iEeKT',$,$,$,(#478),#497);
#499=IFCPROPERTYSINGLEVALUE('IsExternal',$,IFCBOOLEAN(.F.),$);
#500=IFCSLAB('1$YLagTMD5l8i92x0r1wDK',$,'Garage slab',$,$,#518,#512,'garage-floor',.FLOOR.);
#501=IFCCARTESIANPOINTLIST2D(((8.,0.),(14.5,0.),(14.5,6.5),(8.,6.5)));
#502=IFCINDEXEDPOLYCURVE(#501,$,$);
#503=IFCDIRECTION((0.,0.,1.));
#504=IFCARBITRARYCLOSEDPROFILEDEF(.AREA.,$,#502);
#505=IFCEXTRUDEDAREASOLID(#504,$,#503,0.20000000000000001);
#506=IFCSHAPEREPRESENTATION(#11,'Body','SweptSolid',(#505));
#512=IFCPRODUCTDEFINITIONSHAPE($,$,(#506));
#513=IFCSTYLEDITEM(#505,(#52),'Slab');
#514=IFCCARTESIANPOINT((0.,0.,-0.20000000000000001));
#515=IFCDIRECTION((0.,0.,1.));
#516=IFCDIRECTION((1.,0.,0.));
#517=IFCAXIS2PLACEMENT3D(#514,#515,#516);
#518=IFCLOCALPLACEMENT(#37,#517);
#519=IFCPROPERTYSET('2Lp$EdOxTA1BUsFg9tJVZC',$,'Pset_SlabCommon',$,(#521));
#520=IFCRELDEFINESBYPROPERTIES('2rGb1bOez7bxbpBo$Vex8S',$,$,$,(#500),#519);
#521=IFCPROPERTYSINGLEVALUE('IsExternal',$,IFCBOOLEAN(.F.),$);
#522=IFCSPACE('3UGgq4ySn8dw0G0X2oNlI9',$,'L1-space-living-room',$,$,#541,#534,'Living Room',$,$,$);
#523=IFCCARTESIANPOINTLIST2D(((0.10000000000000001,0.10000000000000001),(7.9000000000000004,0.10000000000000001),(7.9000000000000004,4.4000000000000004),(0.10000000000000001,4.4000000000000004)));
#524=IFCINDEXEDPOLYCURVE(#523,$,$);
#525=IFCDIRECTION((0.,0.,1.));
#526=IFCARBITRARYCLOSEDPROFILEDEF(.AREA.,$,#524);
#527=IFCEXTRUDEDAREASOLID(#526,$,#525,3.);
#528=IFCSHAPEREPRESENTATION(#11,'Body','SweptSolid',(#527));
#534=IFCPRODUCTDEFINITIONSHAPE($,$,(#528));
#535=IFCSTYLEDITEM(#527,(#67),'Space');
#536=IFCRELAGGREGATES('2LrAJvWo59$f8C_RtqA$r6',$,$,$,#26,(#522,#542,#638));
#537=IFCCARTESIANPOINT((0.,0.,0.));
#538=IFCDIRECTION((0.,0.,1.));
#539=IFCDIRECTION((1.,0.,0.));
#540=IFCAXIS2PLACEMENT3D(#537,#538,#539);
#541=IFCLOCALPLACEMENT(#37,#540);
#542=IFCSPACE('0ghTcvtsf6SQjU5gYmMAL2',$,'L1-space-kitchen',$,$,#560,#554,'Kitchen',$,$,$);
#543=IFCCARTESIANPOINTLIST2D(((0.10000000000000001,4.5999999999999996),(7.9000000000000004,4.5999999999999996),(7.9000000000000004,8.9000000000000004),(0.10000000000000001,8.9000000000000004)));
#544=IFCINDEXEDPOLYCURVE(#543,$,$);
#545=IFCDIRECTION((0.,0.,1.));
#546=IFCARBITRARYCLOSEDPROFILEDEF(.AREA.,$,#544);
#547=IFCEXTRUDEDAREASOLID(#546,$,#545,3.);
#548=IFCSHAPEREPRESENTATION(#11,'Body','SweptSolid',(#547));
#554=IFCPRODUCTDEFINITIONSHAPE($,$,(#548));
#555=IFCSTYLEDITEM(#547,(#67),'Space');
#556=IFCCARTESIANPOINT((0.,0.,0.));
#557=IFCDIRECTION((0.,0.,1.));
#558=IFCDIRECTION((1.,0.,0.));
#559=IFCAXIS2PLACEMENT3D(#556,#557,#558);
#560=IFCLOCALPLACEMENT(#37,#559);
#561=IFCSPACE('2BpZkB7_j4KQuuOGGsl1hu',$,'L2-space-bedroom-1',$,$,#580,#573,'Bedroom 1',$,$,$);
#562=IFCCARTESIANPOINTLIST2D(((0.10000000000000001,0.10000000000000001),(3.8999999999999999,0.10000000000000001),(3.8999999999999999,4.4000000000000004),(0.10000000000000001,4.4000000000000004)));
#563=IFCINDEXEDPOLYCURVE(#562,$,$);
#564=IFCDIRECTION((0.,0.,1.));
#565=IFCARBITRARYCLOSEDPROFILEDEF(.AREA.,$,#563);
#566=IFCEXTRUDEDAREASOLID(#565,$,#564,3.);
#567=IFCSHAPEREPRESENTATION(#11,'Body','SweptSolid',(#566));
#573=IFCPRODUCTDEFINITIONSHAPE($,$,(#567));
#574=IFCSTYLEDITEM(#566,(#67),'Space');
#575=IFCRELAGGREGATES('3lsEOtXj50LvDv5y_DZWZm',$,$,$,#38,(#581,#561,#619,#600));
#576=IFCCARTESIANPOINT((0.,0.,0.));
#577=IFCDIRECTION((0.,0.,1.));
#578=IFCDIRECTION((1.,0.,0.));
#579=IFCAXIS2PLACEMENT3D(#576,#577,#578);
#580=IFCLOCALPLACEMENT(#48,#579);
#581=IFCSPACE('0NtOv86wTBW9macgXymk2g',$,'L2-space-bedroom-3',$,$,#599,#593,'Bedroom 3',$,$,$);
#582=IFCCARTESIANPOINTLIST2D(((0.10000000000000001,4.5999999999999996),(3.8999999999999999,4.5999999999999996),(3.8999999999999999,8.9000000000000004),(0.10000000000000001,8.9000000000000004)));
#583=IFCINDEXEDPOLYCURVE(#582,$,$);
#584=IFCDIRECTION((0.,0.,1.));
#585=IFCARBITRARYCLOSEDPROFILEDEF(.AREA.,$,#583);
#586=IFCEXTRUDEDAREASOLID(#585,$,#584,3.);
#587=IFCSHAPEREPRESENTATION(#11,'Body','SweptSolid',(#586));
#593=IFCPRODUCTDEFINITIONSHAPE($,$,(#587));
#594=IFCSTYLEDITEM(#586,(#67),'Space');
#595=IFCCARTESIANPOINT((0.,0.,0.));
#596=IFCDIRECTION((0.,0.,1.));
#597=IFCDIRECTION((1.,0.,0.));
#598=IFCAXIS2PLACEMENT3D(#595,#596,#597);
#599=IFCLOCALPLACEMENT(#48,#598);
#600=IFCSPACE('1qWs3AZh5CRQlhkOuFjT2I',$,'L2-space-bedroom-2',$,$,#618,#612,'Bedroom 2',$,$,$);
#601=IFCCARTESIANPOINTLIST2D(((4.0999999999999996,0.10000000000000001),(7.9000000000000004,0.10000000000000001),(7.9000000000000004,4.4000000000000004),(4.0999999999999996,4.4000000000000004)));
#602=IFCINDEXEDPOLYCURVE(#601,$,$);
#603=IFCDIRECTION((0.,0.,1.));
#604=IFCARBITRARYCLOSEDPROFILEDEF(.AREA.,$,#602);
#605=IFCEXTRUDEDAREASOLID(#604,$,#603,3.);
#606=IFCSHAPEREPRESENTATION(#11,'Body','SweptSolid',(#605));
#612=IFCPRODUCTDEFINITIONSHAPE($,$,(#606));
#613=IFCSTYLEDITEM(#605,(#67),'Space');
#614=IFCCARTESIANPOINT((0.,0.,0.));
#615=IFCDIRECTION((0.,0.,1.));
#616=IFCDIRECTION((1.,0.,0.));
#617=IFCAXIS2PLACEMENT3D(#614,#615,#616);
#618=IFCLOCALPLACEMENT(#48,#617);
#619=IFCSPACE('01fYOdC_T6kuqsOkv8qvBa',$,'L2-space-hall',$,$,#637,#631,'Hall',$,$,$);
#620=IFCCARTESIANPOINTLIST2D(((4.0999999999999996,4.5999999999999996),(7.9000000000000004,4.5999999999999996),(7.9000000000000004,8.9000000000000004),(4.0999999999999996,8.9000000000000004)));
#621=IFCINDEXEDPOLYCURVE(#620,$,$);
#622=IFCDIRECTION((0.,0.,1.));
#623=IFCARBITRARYCLOSEDPROFILEDEF(.AREA.,$,#621);
#624=IFCEXTRUDEDAREASOLID(#623,$,#622,3.);
#625=IFCSHAPEREPRESENTATION(#11,'Body','SweptSolid',(#624));
#631=IFCPRODUCTDEFINITIONSHAPE($,$,(#625));
#632=IFCSTYLEDITEM(#624,(#67),'Space');
#633=IFCCARTESIANPOINT((0.,0.,0.));
#634=IFCDIRECTION((0.,0.,1.));
#635=IFCDIRECTION((1.,0.,0.));
#636=IFCAXIS2PLACEMENT3D(#633,#634,#635);
#637=IFCLOCALPLACEMENT(#48,#636);
#638=IFCSPACE('2pZ6_LHabFN8eCLcBJBmsy',$,'L1-space-garage',$,$,#656,#650,'Garage',$,$,$);
#639=IFCCARTESIANPOINTLIST2D(((8.1999999999999993,0.20000000000000001),(14.300000000000001,0.20000000000000001),(14.300000000000001,6.2999999999999998),(8.1999999999999993,6.2999999999999998)));
#640=IFCINDEXEDPOLYCURVE(#639,$,$);
#641=IFCDIRECTION((0.,0.,1.));
#642=IFCARBITRARYCLOSEDPROFILEDEF(.AREA.,$,#640);
#643=IFCEXTRUDEDAREASOLID(#642,$,#641,3.);
#644=IFCSHAPEREPRESENTATION(#11,'Body','SweptSolid',(#643));
#650=IFCPRODUCTDEFINITIONSHAPE($,$,(#644));
#651=IFCSTYLEDITEM(#643,(#67),'Space');
#652=IFCCARTESIANPOINT((0.,0.,0.));
#653=IFCDIRECTION((0.,0.,1.));
#654=IFCDIRECTION((1.,0.,0.));
#655=IFCAXIS2PLACEMENT3D(#652,#653,#654);
#656=IFCLOCALPLACEMENT(#37,#655);
#657=IFCROOF('1Jeca1ebvEwh4ACPv7njXU',$,'Roof',$,$,#675,#669,'roof',.FLAT_ROOF.);
#658=IFCCARTESIANPOINTLIST2D(((-0.14999999999999999,-0.14999999999999999),(8.1500000000000004,-0.14999999999999999),(8.1500000000000004,9.1500000000000004),(-0.14999999999999999,9.1500000000000004)));
#659=IFCINDEXEDPOLYCURVE(#658,$,$);
#660=IFCDIRECTION((0.,0.,1.));
#661=IFCARBITRARYCLOSEDPROFILEDEF(.AREA.,$,#659);
#662=IFCEXTRUDEDAREASOLID(#661,$,#660,0.29999999999999999);
#663=IFCSHAPEREPRESENTATION(#11,'Body','SweptSolid',(#662));
#669=IFCPRODUCTDEFINITIONSHAPE($,$,(#663));
#670=IFCSTYLEDITEM(#662,(#55),'Roof');
#671=IFCCARTESIANPOINT((0.,0.,3.));
#672=IFCDIRECTION((0.,0.,1.));
#673=IFCDIRECTION((1.,0.,0.));
#674=IFCAXIS2PLACEMENT3D(#671,#672,#673);
#675=IFCLOCALPLACEMENT(#48,#674);
#676=IFCPROPERTYSET('1BkI6yEW51SBQ5nq3U4ywx',$,'Pset_RoofCommon',$,(#678));
#677=IFCRELDEFINESBYPROPERTIES('1mvS8nMKHCzAT831GGd_HQ',$,$,$,(#657),#676);
#678=IFCPROPERTYSINGLEVALUE('IsExternal',$,IFCBOOLEAN(.T.),$);
#679=IFCROOF('0Bp$8U6RP56BVZ_Cw6qZXq',$,'Garage roof',$,$,#697,#691,'garage-roof',.FLAT_ROOF.);
#680=IFCCARTESIANPOINTLIST2D(((8.1500000000000004,-0.14999999999999999),(14.65,-0.14999999999999999),(14.65,6.6500000000000004),(8.1500000000000004,6.6500000000000004)));
#681=IFCINDEXEDPOLYCURVE(#680,$,$);
#682=IFCDIRECTION((0.,0.,1.));
#683=IFCARBITRARYCLOSEDPROFILEDEF(.AREA.,$,#681);
#684=IFCEXTRUDEDAREASOLID(#683,$,#682,0.29999999999999999);
#685=IFCSHAPEREPRESENTATION(#11,'Body','SweptSolid',(#684));
#691=IFCPRODUCTDEFINITIONSHAPE($,$,(#685));
#692=IFCSTYLEDITEM(#684,(#55),'Roof');
#693=IFCCARTESIANPOINT((0.,0.,3.));
#694=IFCDIRECTION((0.,0.,1.));
#695=IFCDIRECTION((1.,0.,0.));
#696=IFCAXIS2PLACEMENT3D(#693,#694,#695);
#697=IFCLOCALPLACEMENT(#37,#696);
#698=IFCPROPERTYSET('3OzEM$xyPDwRdFQYY22Kup',$,'Pset_RoofCommon',$,(#700));
#699=IFCRELDEFINESBYPROPERTIES('0kcuMsx9jFwxGurEndY_0Q',$,$,$,(#679),#698);
#700=IFCPROPERTYSINGLEVALUE('IsExternal',$,IFCBOOLEAN(.T.),$);
#701=IFCOPENINGELEMENT('34iuo_OrXEbvccwZTeE1cm',$,'L1-door-spine-1 opening',$,$,#723,#717,$,$);
#702=IFCCARTESIANPOINTLIST2D(((0.,0.),(0.,0.22),(0.90000000000000002,0.22),(0.90000000000000002,0.),(0.,0.)));
#703=IFCINDEXEDPOLYCURVE(#702,$,.F.);
#704=IFCDIRECTION((0.,0.,1.));
#705=IFCARBITRARYCLOSEDPROFILEDEF(.AREA.,$,#703);
#706=IFCCARTESIANPOINT((0.,0.,0.));
#707=IFCDIRECTION((0.,0.,1.));
#708=IFCDIRECTION((1.,0.,0.));
#709=IFCAXIS2PLACEMENT3D(#706,#707,#708);
#710=IFCEXTRUDEDAREASOLID(#705,#709,#704,2.1000000000000001);
#711=IFCSHAPEREPRESENTATION(#11,'Body','SweptSolid',(#710));
#717=IFCPRODUCTDEFINITIONSHAPE($,$,(#711));
#718=IFCRELVOIDSELEMENT('1f6zDH9Jn8RAs9V9CWDi_d',$,$,$,#184,#701);
#719=IFCCARTESIANPOINT((3.5499999999999998,-0.11000000000000032,0.));
#720=IFCDIRECTION((0.,0.,1.));
#721=IFCDIRECTION((1.,0.,0.));
#722=IFCAXIS2PLACEMENT3D(#719,#720,#721);
#723=IFCLOCALPLACEMENT(#206,#722);
#724=IFCDOOR('2X7VN2m01958BsH6hdYrsr',$,'L1-door-spine-1',$,$,#817,#803,'L1-door-spine-1',2.1000000000000001,0.90000000000000002,.DOOR.,$,$);
#725=IFCCARTESIANPOINTLIST2D(((0.,0.),(0.,2.1000000000000001),(0.90000000000000002,2.1000000000000001),(0.90000000000000002,0.),(0.875,0.),(0.875,2.0750000000000002),(0.025000000000000001,2.0750000000000002),(0.025000000000000001,0.)));
#726=IFCINDEXEDPOLYCURVE(#725,(IFCLINEINDEX((1,2,3,4,5,6,7,8,1))),$);
#727=IFCARBITRARYCLOSEDPROFILEDEF(.AREA.,$,#726);
#728=IFCCARTESIANPOINT((0.,0.025000000000000001,0.));
#729=IFCDIRECTION((0.,-1.,0.));
#730=IFCDIRECTION((1.,0.,0.));
#731=IFCAXIS2PLACEMENT3D(#728,#729,#730);
#732=IFCDIRECTION((0.,0.,-1.));
#733=IFCEXTRUDEDAREASOLID(#727,#731,#732,0.095000000000000001);
#734=IFCCARTESIANPOINTLIST2D(((0.,0.),(0.,2.1000000000000001),(0.90000000000000002,2.1000000000000001),(0.90000000000000002,0.),(0.84999999999999998,0.),(0.84999999999999998,2.0500000000000003),(0.050000000000000003,2.0500000000000003),(0.050000000000000003,0.)));
#735=IFCINDEXEDPOLYCURVE(#734,(IFCLINEINDEX((1,2,3,4,5,6,7,8,1))),$);
#736=IFCARBITRARYCLOSEDPROFILEDEF(.AREA.,$,#735);
#737=IFCCARTESIANPOINT((0.,0.,0.));
#738=IFCDIRECTION((0.,-1.,0.));
#739=IFCDIRECTION((1.,0.,0.));
#740=IFCAXIS2PLACEMENT3D(#737,#738,#739);
#741=IFCDIRECTION((0.,0.,-1.));
#742=IFCEXTRUDEDAREASOLID(#736,#740,#741,0.025000000000000001);
#743=IFCCARTESIANPOINTLIST2D(((0.,0.),(0.80000000000000004,0.),(0.80000000000000004,0.10000000000000001),(0.,0.10000000000000001)));
#744=IFCINDEXEDPOLYCURVE(#743,(IFCLINEINDEX((1,2,3,4,1))),$);
#745=IFCARBITRARYCLOSEDPROFILEDEF(.AREA.,$,#744);
#746=IFCCARTESIANPOINT((0.050000000000000003,0.,0.));
#747=IFCDIRECTION((0.,0.,1.));
#748=IFCDIRECTION((1.,0.,0.));
#749=IFCAXIS2PLACEMENT3D(#746,#747,#748);
#750=IFCDIRECTION((0.,0.,1.));
#751=IFCEXTRUDEDAREASOLID(#745,#749,#750,0.025000000000000001);
#752=IFCCARTESIANPOINTLIST2D(((0.,0.),(0.,2.125),(0.94999999999999996,2.125),(0.94999999999999996,0.),(0.875,0.),(0.875,2.0499999999999998),(0.074999999999999997,2.0499999999999998),(0.074999999999999997,0.)));
#753=IFCINDEXEDPOLYCURVE(#752,(IFCLINEINDEX((1,2,3,4,5,6,7,8,1))),$);
#754=IFCARBITRARYCLOSEDPROFILEDEF(.AREA.,$,#753);
#755=IFCCARTESIANPOINT((-0.024999999999999994,-0.0050000000000000001,0.));
#756=IFCDIRECTION((0.,-1.,0.));
#757=IFCDIRECTION((1.,0.,0.));
#758=IFCAXIS2PLACEMENT3D(#755,#756,#757);
#759=IFCDIRECTION((0.,0.,-1.));
#760=IFCEXTRUDEDAREASOLID(#754,#758,#759,0.0050000000000000001);
#761=IFCCARTESIANPOINTLIST2D(((0.,0.),(0.,2.125),(0.94999999999999996,2.125),(0.94999999999999996,0.),(0.89999999999999991,0.),(0.89999999999999991,2.0750000000000002),(0.049999999999999996,2.0750000000000002),(0.049999999999999996,0.)));
#762=IFCINDEXEDPOLYCURVE(#761,(IFCLINEINDEX((1,2,3,4,5,6,7,8,1))),$);
#763=IFCARBITRARYCLOSEDPROFILEDEF(.AREA.,$,#762);
#764=IFCCARTESIANPOINT((-0.024999999999999994,0.12,0.));
#765=IFCDIRECTION((0.,-1.,0.));
#766=IFCDIRECTION((1.,0.,0.));
#767=IFCAXIS2PLACEMENT3D(#764,#765,#766);
#768=IFCDIRECTION((0.,0.,-1.));
#769=IFCEXTRUDEDAREASOLID(#763,#767,#768,0.0050000000000000001);
#770=IFCCARTESIANPOINTLIST2D(((0.,0.),(0.84999999999999998,0.),(0.84999999999999998,0.035000000000000003),(0.,0.035000000000000003)));
#771=IFCINDEXEDPOLYCURVE(#770,(IFCLINEINDEX((1,2,3,4,1))),$);
#772=IFCARBITRARYCLOSEDPROFILEDEF(.AREA.,$,#771);
#773=IFCCARTESIANPOINT((0.025000000000000001,0.025000000000000001,0.025000000000000001));
#774=IFCDIRECTION((0.,0.,1.));
#775=IFCDIRECTION((1.,0.,0.));
#776=IFCAXIS2PLACEMENT3D(#773,#774,#775);
#777=IFCDIRECTION((0.,0.,1.));
#778=IFCEXTRUDEDAREASOLID(#772,#776,#777,2.0500000000000003);
#779=IFCCARTESIANPOINTLIST2D(((0.,0.),(0.,-0.040000000000000001),(-0.11999999999999988,-0.040000000000000001),(-0.11999999999999988,-0.02),(-0.020000000000000018,-0.02),(-0.020000000000000018,0.)));
#780=IFCINDEXEDPOLYCURVE(#779,(IFCLINEINDEX((1,2,3,4,5,6,1))),$);
#781=IFCARBITRARYCLOSEDPROFILEDEF(.AREA.,$,#780);
#782=IFCCARTESIANPOINT((0.82499999999999996,0.025000000000000001,1.0149999999999999));
#783=IFCDIRECTION((0.,0.,1.));
#784=IFCDIRECTION((1.,0.,0.));
#785=IFCAXIS2PLACEMENT3D(#782,#783,#784);
#786=IFCDIRECTION((0.,0.,1.));
#787=IFCEXTRUDEDAREASOLID(#781,#785,#786,0.02);
#788=IFCEXTRUDEDAREASOLID(#789,#792,#796,0.02);
#789=IFCARBITRARYCLOSEDPROFILEDEF(.AREA.,$,#790);
#790=IFCINDEXEDPOLYCURVE(#791,(IFCLINEINDEX((1,2,3,4,5,6,1))),$);
#791=IFCCARTESIANPOINTLIST2D(((0.,0.),(0.,0.040000000000000001),(-0.11999999999999988,0.040000000000000001),(-0.11999999999999988,0.020000000000000011),(-0.020000000000000018,0.020000000000000011),(-0.020000000000000018,0.)));
#792=IFCAXIS2PLACEMENT3D(#793,#794,#795);
#793=IFCCARTESIANPOINT((0.82499999999999996,0.060000000000000005,1.0149999999999999));
#794=IFCDIRECTION((0.,0.,1.));
#795=IFCDIRECTION((1.,0.,0.));
#796=IFCDIRECTION((0.,0.,1.));
#797=IFCSHAPEREPRESENTATION(#11,'Body','SweptSolid',(#733,#742,#778,#787,#788,#751,#760,#769));
#803=IFCPRODUCTDEFINITIONSHAPE($,$,(#797));
#804=IFCSTYLEDITEM(#733,(#58),'Door');
#805=IFCSTYLEDITEM(#742,(#58),'Door');
#806=IFCSTYLEDITEM(#778,(#58),'Door');
#807=IFCSTYLEDITEM(#787,(#58),'Door');
#808=IFCSTYLEDITEM(#788,(#58),'Door');
#809=IFCSTYLEDITEM(#751,(#58),'Door');
#810=IFCSTYLEDITEM(#760,(#58),'Door');
#811=IFCSTYLEDITEM(#769,(#58),'Door');
#812=IFCRELASSOCIATESMATERIAL('24HJbMdjz35vTP5SC6GAZQ',$,$,$,(#1310,#724,#1430,#2478,#845,#2358,#1550),#72);
#813=IFCCARTESIANPOINT((3.5499999999999998,4.4400000000000004,0.));
#814=IFCDIRECTION((0.,0.,1.));
#815=IFCDIRECTION((1.,0.,0.));
#816=IFCAXIS2PLACEMENT3D(#813,#814,#815);
#817=IFCLOCALPLACEMENT(#37,#816);
#818=IFCPROPERTYSET('38EyhlciP3zvnkCINqW_Oz',$,'Pset_DoorCommon',$,(#820));
#819=IFCRELDEFINESBYPROPERTIES('0bTXjr2rb1t9ZnSzgrcmS8',$,$,$,(#724),#818);
#820=IFCPROPERTYSINGLEVALUE('IsExternal',$,IFCBOOLEAN(.F.),$);
#821=IFCRELFILLSELEMENT('3p5DtW5Qr3PPJ7EAdV7WpL',$,$,$,#701,#724);
#822=IFCOPENINGELEMENT('19sIDkopz20AF8hG5DL6Tc',$,'L1-door-entrance opening',$,$,#844,#838,$,$);
#823=IFCCARTESIANPOINTLIST2D(((0.,0.),(0.,0.40000000000000002),(1.,0.40000000000000002),(1.,0.),(0.,0.)));
#824=IFCINDEXEDPOLYCURVE(#823,$,.F.);
#825=IFCDIRECTION((0.,0.,1.));
#826=IFCARBITRARYCLOSEDPROFILEDEF(.AREA.,$,#824);
#827=IFCCARTESIANPOINT((0.,0.,0.));
#828=IFCDIRECTION((0.,0.,1.));
#829=IFCDIRECTION((1.,0.,0.));
#830=IFCAXIS2PLACEMENT3D(#827,#828,#829);
#831=IFCEXTRUDEDAREASOLID(#826,#830,#825,2.1000000000000001);
#832=IFCSHAPEREPRESENTATION(#11,'Body','SweptSolid',(#831));
#838=IFCPRODUCTDEFINITIONSHAPE($,$,(#832));
#839=IFCRELVOIDSELEMENT('1GK2XPBUP0PeL2VHVihh55',$,$,$,#74,#822);
#840=IFCCARTESIANPOINT((0.75,-0.20000000000000001,0.));
#841=IFCDIRECTION((0.,0.,1.));
#842=IFCDIRECTION((1.,0.,0.));
#843=IFCAXIS2PLACEMENT3D(#840,#841,#842);
#844=IFCLOCALPLACEMENT(#98,#843);
#845=IFCDOOR('2vxuoADkfArgaJ7ZO8sIq6',$,'Entrance',$,$,#937,#924,'L1-door-entrance',2.1000000000000001,1.,.DOOR.,$,$);
#846=IFCCARTESIANPOINTLIST2D(((0.,0.),(0.,2.1000000000000001),(1.,2.1000000000000001),(1.,0.),(0.97499999999999998,0.),(0.97499999999999998,2.0750000000000002),(0.025000000000000001,2.0750000000000002),(0.025000000000000001,0.)));
#847=IFCINDEXEDPOLYCURVE(#846,(IFCLINEINDEX((1,2,3,4,5,6,7,8,1))),$);
#848=IFCARBITRARYCLOSEDPROFILEDEF(.AREA.,$,#847);
#849=IFCCARTESIANPOINT((0.,0.025000000000000001,0.));
#850=IFCDIRECTION((0.,-1.,0.));
#851=IFCDIRECTION((1.,0.,0.));
#852=IFCAXIS2PLACEMENT3D(#849,#850,#851);
#853=IFCDIRECTION((0.,0.,-1.));
#854=IFCEXTRUDEDAREASOLID(#848,#852,#853,0.27499999999999997);
#855=IFCCARTESIANPOINTLIST2D(((0.,0.),(0.,2.1000000000000001),(1.,2.1000000000000001),(1.,0.),(0.94999999999999996,0.),(0.94999999999999996,2.0500000000000003),(0.050000000000000003,2.0500000000000003),(0.050000000000000003,0.)));
#856=IFCINDEXEDPOLYCURVE(#855,(IFCLINEINDEX((1,2,3,4,5,6,7,8,1))),$);
#857=IFCARBITRARYCLOSEDPROFILEDEF(.AREA.,$,#856);
#858=IFCCARTESIANPOINT((0.,0.,0.));
#859=IFCDIRECTION((0.,-1.,0.));
#860=IFCDIRECTION((1.,0.,0.));
#861=IFCAXIS2PLACEMENT3D(#858,#859,#860);
#862=IFCDIRECTION((0.,0.,-1.));
#863=IFCEXTRUDEDAREASOLID(#857,#861,#862,0.025000000000000001);
#864=IFCCARTESIANPOINTLIST2D(((0.,0.),(0.90000000000000002,0.),(0.90000000000000002,0.10000000000000001),(0.,0.10000000000000001)));
#865=IFCINDEXEDPOLYCURVE(#864,(IFCLINEINDEX((1,2,3,4,1))),$);
#866=IFCARBITRARYCLOSEDPROFILEDEF(.AREA.,$,#865);
#867=IFCCARTESIANPOINT((0.050000000000000003,0.,0.));
#868=IFCDIRECTION((0.,0.,1.));
#869=IFCDIRECTION((1.,0.,0.));
#870=IFCAXIS2PLACEMENT3D(#867,#868,#869);
#871=IFCDIRECTION((0.,0.,1.));
#872=IFCEXTRUDEDAREASOLID(#866,#870,#871,0.025000000000000001);
#873=IFCCARTESIANPOINTLIST2D(((0.,0.),(0.,2.125),(1.05,2.125),(1.05,0.),(0.97500000000000009,0.),(0.97500000000000009,2.0499999999999998),(0.074999999999999997,2.0499999999999998),(0.074999999999999997,0.)));
#874=IFCINDEXEDPOLYCURVE(#873,(IFCLINEINDEX((1,2,3,4,5,6,7,8,1))),$);
#875=IFCARBITRARYCLOSEDPROFILEDEF(.AREA.,$,#874);
#876=IFCCARTESIANPOINT((-0.024999999999999994,-0.0050000000000000001,0.));
#877=IFCDIRECTION((0.,-1.,0.));
#878=IFCDIRECTION((1.,0.,0.));
#879=IFCAXIS2PLACEMENT3D(#876,#877,#878);
#880=IFCDIRECTION((0.,0.,-1.));
#881=IFCEXTRUDEDAREASOLID(#875,#879,#880,0.0050000000000000001);
#882=IFCCARTESIANPOINTLIST2D(((0.,0.),(0.,2.125),(1.05,2.125),(1.05,0.),(1.,0.),(1.,2.0750000000000002),(0.049999999999999996,2.0750000000000002),(0.049999999999999996,0.)));
#883=IFCINDEXEDPOLYCURVE(#882,(IFCLINEINDEX((1,2,3,4,5,6,7,8,1))),$);
#884=IFCARBITRARYCLOSEDPROFILEDEF(.AREA.,$,#883);
#885=IFCCARTESIANPOINT((-0.024999999999999994,0.29999999999999999,0.));
#886=IFCDIRECTION((0.,-1.,0.));
#887=IFCDIRECTION((1.,0.,0.));
#888=IFCAXIS2PLACEMENT3D(#885,#886,#887);
#889=IFCDIRECTION((0.,0.,-1.));
#890=IFCEXTRUDEDAREASOLID(#884,#888,#889,0.0050000000000000001);
#891=IFCCARTESIANPOINTLIST2D(((0.,0.),(0.94999999999999996,0.),(0.94999999999999996,0.035000000000000003),(0.,0.035000000000000003)));
#892=IFCINDEXEDPOLYCURVE(#891,(IFCLINEINDEX((1,2,3,4,1))),$);
#893=IFCARBITRARYCLOSEDPROFILEDEF(.AREA.,$,#892);
#894=IFCCARTESIANPOINT((0.025000000000000001,0.025000000000000001,0.025000000000000001));
#895=IFCDIRECTION((0.,0.,1.));
#896=IFCDIRECTION((1.,0.,0.));
#897=IFCAXIS2PLACEMENT3D(#894,#895,#896);
#898=IFCDIRECTION((0.,0.,1.));
#899=IFCEXTRUDEDAREASOLID(#893,#897,#898,2.0500000000000003);
#900=IFCCARTESIANPOINTLIST2D(((0.,0.),(0.,-0.040000000000000001),(-0.12000000000000011,-0.040000000000000001),(-0.12000000000000011,-0.02),(-0.020000000000000018,-0.02),(-0.020000000000000018,0.)));
#901=IFCINDEXEDPOLYCURVE(#900,(IFCLINEINDEX((1,2,3,4,5,6,1))),$);
#902=IFCARBITRARYCLOSEDPROFILEDEF(.AREA.,$,#901);
#903=IFCCARTESIANPOINT((0.92500000000000004,0.025000000000000001,1.0149999999999999));
#904=IFCDIRECTION((0.,0.,1.));
#905=IFCDIRECTION((1.,0.,0.));
#906=IFCAXIS2PLACEMENT3D(#903,#904,#905);
#907=IFCDIRECTION((0.,0.,1.));
#908=IFCEXTRUDEDAREASOLID(#902,#906,#907,0.02);
#909=IFCEXTRUDEDAREASOLID(#910,#913,#917,0.02);
#910=IFCARBITRARYCLOSEDPROFILEDEF(.AREA.,$,#911);
#911=IFCINDEXEDPOLYCURVE(#912,(IFCLINEINDEX((1,2,3,4,5,6,1))),$);
#912=IFCCARTESIANPOINTLIST2D(((0.,0.),(0.,0.040000000000000001),(-0.12000000000000011,0.040000000000000001),(-0.12000000000000011,0.020000000000000011),(-0.020000000000000018,0.020000000000000011),(-0.020000000000000018,0.)));
#913=IFCAXIS2PLACEMENT3D(#914,#915,#916);
#914=IFCCARTESIANPOINT((0.92500000000000004,0.060000000000000005,1.0149999999999999));
#915=IFCDIRECTION((0.,0.,1.));
#916=IFCDIRECTION((1.,0.,0.));
#917=IFCDIRECTION((0.,0.,1.));
#918=IFCSHAPEREPRESENTATION(#11,'Body','SweptSolid',(#854,#863,#899,#908,#909,#872,#881,#890));
#924=IFCPRODUCTDEFINITIONSHAPE($,$,(#918));
#925=IFCSTYLEDITEM(#854,(#58),'Door');
#926=IFCSTYLEDITEM(#863,(#58),'Door');
#927=IFCSTYLEDITEM(#899,(#58),'Door');
#928=IFCSTYLEDITEM(#908,(#58),'Door');
#929=IFCSTYLEDITEM(#909,(#58),'Door');
#930=IFCSTYLEDITEM(#872,(#58),'Door');
#931=IFCSTYLEDITEM(#881,(#58),'Door');
#932=IFCSTYLEDITEM(#890,(#58),'Door');
#933=IFCCARTESIANPOINT((0.59999999999999998,-0.14999999999999999,0.));
#934=IFCDIRECTION((0.,0.,1.));
#935=IFCDIRECTION((1.,0.,0.));
#936=IFCAXIS2PLACEMENT3D(#933,#934,#935);
#937=IFCLOCALPLACEMENT(#37,#936);
#938=IFCPROPERTYSET('323lTUuJ1AfhBwVMFw4axy',$,'Pset_DoorCommon',$,(#940));
#939=IFCRELDEFINESBYPROPERTIES('2Fu_vCz9f3gO58sDGFL8GC',$,$,$,(#845),#938);
#940=IFCPROPERTYSINGLEVALUE('IsExternal',$,IFCBOOLEAN(.T.),$);
#941=IFCRELFILLSELEMENT('0nAh5TBmXAtRlL54$Z8zBj',$,$,$,#822,#845);
#942=IFCOPENINGELEMENT('17DHcaIlXDavyBM3gr3Dki',$,'L1-win-S1 opening',$,$,#964,#958,$,$);
#943=IFCCARTESIANPOINTLIST2D(((0.,0.),(0.,0.40000000000000002),(1.2,0.40000000000000002),(1.2,0.),(0.,0.)));
#944=IFCINDEXEDPOLYCURVE(#943,$,.F.);
#945=IFCDIRECTION((0.,0.,1.));
#946=IFCARBITRARYCLOSEDPROFILEDEF(.AREA.,$,#944);
#947=IFCCARTESIANPOINT((0.,0.,0.));
#948=IFCDIRECTION((0.,0.,1.));
#949=IFCDIRECTION((1.,0.,0.));
#950=IFCAXIS2PLACEMENT3D(#947,#948,#949);
#951=IFCEXTRUDEDAREASOLID(#946,#950,#945,1.2);
#952=IFCSHAPEREPRESENTATION(#11,'Body','SweptSolid',(#951));
#958=IFCPRODUCTDEFINITIONSHAPE($,$,(#952));
#959=IFCRELVOIDSELEMENT('2yKYbauVDEig0KQZ7qSopt',$,$,$,#74,#942);
#960=IFCCARTESIANPOINT((6.4500000000000002,-0.20000000000000001,0.90000000000000002));
#961=IFCDIRECTION((0.,0.,1.));
#962=IFCDIRECTION((1.,0.,0.));
#963=IFCAXIS2PLACEMENT3D(#960,#961,#962);
#964=IFCLOCALPLACEMENT(#98,#963);
#965=IFCWINDOW('1DGVCNH_99588oQBdVWNIN',$,'L1-win-S1',$,$,#1024,#1014,'L1-win-S1',1.2,1.2,.WINDOW.,$,$);
#966=IFCCARTESIANPOINTLIST2D(((0.,0.),(1.2,0.),(1.2,1.2),(0.,1.2)));
#967=IFCINDEXEDPOLYCURVE(#966,(IFCLINEINDEX((1,2,3,4,1))),$);
#968=IFCCARTESIANPOINTLIST2D(((0.025000000000000001,0.025000000000000001),(1.1749999999999998,0.025000000000000001),(1.1749999999999998,1.1749999999999998),(0.025000000000000001,1.1749999999999998)));
#969=IFCINDEXEDPOLYCURVE(#968,(IFCLINEINDEX((1,2,3,4,1))),$);
#970=IFCARBITRARYPROFILEDEFWITHVOIDS(.AREA.,$,#967,(#969));
#971=IFCCARTESIANPOINT((0.,0.34000000000000002,0.));
#972=IFCDIRECTION((0.,-1.,0.));
#973=IFCDIRECTION((1.,0.,0.));
#974=IFCAXIS2PLACEMENT3D(#971,#972,#973);
#975=IFCDIRECTION((0.,0.,-1.));
#976=IFCEXTRUDEDAREASOLID(#970,#974,#975,0.0099999999999999534);
#977=IFCCARTESIANPOINTLIST2D(((0.,0.),(1.2,0.),(1.2,1.2),(0.,1.2)));
#978=IFCINDEXEDPOLYCURVE(#977,(IFCLINEINDEX((1,2,3,4,1))),$);
#979=IFCCARTESIANPOINTLIST2D(((0.050000000000000003,0.050000000000000003),(1.1499999999999999,0.050000000000000003),(1.1499999999999999,1.1499999999999999),(0.050000000000000003,1.1499999999999999)));
#980=IFCINDEXEDPOLYCURVE(#979,(IFCLINEINDEX((1,2,3,4,1))),$);
#981=IFCARBITRARYPROFILEDEFWITHVOIDS(.AREA.,$,#978,(#980));
#982=IFCCARTESIANPOINT((0.,0.050000000000000003,0.));
#983=IFCDIRECTION((0.,-1.,0.));
#984=IFCDIRECTION((1.,0.,0.));
#985=IFCAXIS2PLACEMENT3D(#982,#983,#984);
#986=IFCDIRECTION((0.,0.,-1.));
#987=IFCEXTRUDEDAREASOLID(#981,#985,#986,0.29000000000000004);
#988=IFCCARTESIANPOINTLIST2D(((0.,0.),(1.1499999999999999,0.),(1.1499999999999999,1.1499999999999999),(0.,1.1499999999999999)));
#989=IFCINDEXEDPOLYCURVE(#988,(IFCLINEINDEX((1,2,3,4,1))),$);
#990=IFCCARTESIANPOINTLIST2D(((0.035000000000000003,0.035000000000000003),(1.1149999999999998,0.035000000000000003),(1.1149999999999998,1.1149999999999998),(0.035000000000000003,1.1149999999999998)));
#991=IFCINDEXEDPOLYCURVE(#990,(IFCLINEINDEX((1,2,3,4,1))),$);
#992=IFCARBITRARYPROFILEDEFWITHVOIDS(.AREA.,$,#989,(#991));
#993=IFCCARTESIANPOINT((0.025000000000000001,0.34000000000000002,0.025000000000000001));
#994=IFCDIRECTION((0.,-1.,0.));
#995=IFCDIRECTION((1.,0.,0.));
#996=IFCAXIS2PLACEMENT3D(#993,#994,#995);
#997=IFCDIRECTION((0.,0.,-1.));
#998=IFCEXTRUDEDAREASOLID(#992,#996,#997,0.035000000000000003);
#999=IFCINDEXEDPOLYCURVE(#1000,(IFCLINEINDEX((1,2,3,4,1))),$);
#1000=IFCCARTESIANPOINTLIST2D(((0.035000000000000003,0.035000000000000003),(1.1149999999999998,0.035000000000000003),(1.1149999999999998,1.1149999999999998),(0.035000000000000003,1.1149999999999998)));
#1001=IFCARBITRARYCLOSEDPROFILEDEF(.AREA.,$,#999);
#1002=IFCCARTESIANPOINT((0.025000000000000001,0.35250000000000004,0.025000000000000001));
#1003=IFCDIRECTION((0.,-1.,0.));
#1004=IFCDIRECTION((1.,0.,0.));
#1005=IFCAXIS2PLACEMENT3D(#1002,#1003,#1004);
#1006=IFCDIRECTION((0.,0.,-1.));
#1007=IFCEXTRUDEDAREASOLID(#1001,#1005,#1006,0.01);
#1008=IFCSHAPEREPRESENTATION(#11,'Body','SweptSolid',(#976,#987,#998,#1007));
#1014=IFCPRODUCTDEFINITIONSHAPE($,$,(#1008));
#1015=IFCSTYLEDITEM(#976,(#61),'Window');
#1016=IFCSTYLEDITEM(#987,(#61),'Window');
#1017=IFCSTYLEDITEM(#998,(#61),'Window');
#1018=IFCSTYLEDITEM(#1007,(#61),'Window');
#1019=IFCRELASSOCIATESMATERIAL('1cWCkFN0f3JBwhOAH4ILWJ',$,$,$,(#1670,#1928,#2186,#1052,#1224,#965,#1756,#2014,#1138,#2598,#2100,#1842,#2272),#73);
#1020=IFCCARTESIANPOINT((6.2999999999999998,-0.14999999999999999,0.90000000000000002));
#1021=IFCDIRECTION((0.,0.,1.));
#1022=IFCDIRECTION((1.,0.,0.));
#1023=IFCAXIS2PLACEMENT3D(#1020,#1021,#1022);
#1024=IFCLOCALPLACEMENT(#37,#1023);
#1025=IFCPROPERTYSET('15An9BWNb3oOqaDVfnsz2U',$,'Pset_WindowCommon',$,(#1027));
#1026=IFCRELDEFINESBYPROPERTIES('0$YxoHgSbA39Jl2xwHjVNE',$,$,$,(#965),#1025);
#1027=IFCPROPERTYSINGLEVALUE('IsExternal',$,IFCBOOLEAN(.T.),$);
#1028=IFCRELFILLSELEMENT('3mxeJ4xhb6wO9BkkRb8xdZ',$,$,$,#942,#965);
#1029=IFCOPENINGELEMENT('0eyYwUIZXBF8MWMwajVuN7',$,'L1-win-N1 opening',$,$,#1051,#1045,$,$);
#1030=IFCCARTESIANPOINTLIST2D(((0.,0.),(0.,0.40000000000000002),(1.2,0.40000000000000002),(1.2,0.),(0.,0.)));
#1031=IFCINDEXEDPOLYCURVE(#1030,$,.F.);
#1032=IFCDIRECTION((0.,0.,1.));
#1033=IFCARBITRARYCLOSEDPROFILEDEF(.AREA.,$,#1031);
#1034=IFCCARTESIANPOINT((0.,0.,0.));
#1035=IFCDIRECTION((0.,0.,1.));
#1036=IFCDIRECTION((1.,0.,0.));
#1037=IFCAXIS2PLACEMENT3D(#1034,#1035,#1036);
#1038=IFCEXTRUDEDAREASOLID(#1033,#1037,#1032,1.2);
#1039=IFCSHAPEREPRESENTATION(#11,'Body','SweptSolid',(#1038));
#1045=IFCPRODUCTDEFINITIONSHAPE($,$,(#1039));
#1046=IFCRELVOIDSELEMENT('00D8p7Pd17H8aBizEAf9tE',$,$,$,#130,#1029);
#1047=IFCCARTESIANPOINT((3.5499999999999998,-0.19999999999999929,0.90000000000000002));
#1048=IFCDIRECTION((0.,0.,1.));
#1049=IFCDIRECTION((1.,0.,0.));
#1050=IFCAXIS2PLACEMENT3D(#1047,#1048,#1049);
#1051=IFCLOCALPLACEMENT(#152,#1050);
#1052=IFCWINDOW('1qSP$Qx9zFtwjaNF24IypM',$,'L1-win-N1',$,$,#1110,#1101,'L1-win-N1',1.2,1.2,.WINDOW.,$,$);
#1053=IFCCARTESIANPOINTLIST2D(((0.,0.),(1.2,0.),(1.2,1.2),(0.,1.2)));
#1054=IFCINDEXEDPOLYCURVE(#1053,(IFCLINEINDEX((1,2,3,4,1))),$);
#1055=IFCCARTESIANPOINTLIST2D(((0.025000000000000001,0.025000000000000001),(1.1749999999999998,0.025000000000000001),(1.1749999999999998,1.1749999999999998),(0.025000000000000001,1.1749999999999998)));
#1056=IFCINDEXEDPOLYCURVE(#1055,(IFCLINEINDEX((1,2,3,4,1))),$);
#1057=IFCARBITRARYPROFILEDEFWITHVOIDS(.AREA.,$,#1054,(#1056));
#1058=IFCCARTESIANPOINT((0.,0.34000000000000002,0.));
#1059=IFCDIRECTION((0.,-1.,0.));
#1060=IFCDIRECTION((1.,0.,0.));
#1061=IFCAXIS2PLACEMENT3D(#1058,#1059,#1060);
#1062=IFCDIRECTION((0.,0.,-1.));
#1063=IFCEXTRUDEDAREASOLID(#1057,#1061,#1062,0.0099999999999999534);
#1064=IFCCARTESIANPOINTLIST2D(((0.,0.),(1.2,0.),(1.2,1.2),(0.,1.2)));
#1065=IFCINDEXEDPOLYCURVE(#1064,(IFCLINEINDEX((1,2,3,4,1))),$);
#1066=IFCCARTESIANPOINTLIST2D(((0.050000000000000003,0.050000000000000003),(1.1499999999999999,0.050000000000000003),(1.1499999999999999,1.1499999999999999),(0.050000000000000003,1.1499999999999999)));
#1067=IFCINDEXEDPOLYCURVE(#1066,(IFCLINEINDEX((1,2,3,4,1))),$);
#1068=IFCARBITRARYPROFILEDEFWITHVOIDS(.AREA.,$,#1065,(#1067));
#1069=IFCCARTESIANPOINT((0.,0.050000000000000003,0.));
#1070=IFCDIRECTION((0.,-1.,0.));
#1071=IFCDIRECTION((1.,0.,0.));
#1072=IFCAXIS2PLACEMENT3D(#1069,#1070,#1071);
#1073=IFCDIRECTION((0.,0.,-1.));
#1074=IFCEXTRUDEDAREASOLID(#1068,#1072,#1073,0.29000000000000004);
#1075=IFCCARTESIANPOINTLIST2D(((0.,0.),(1.1499999999999999,0.),(1.1499999999999999,1.1499999999999999),(0.,1.1499999999999999)));
#1076=IFCINDEXEDPOLYCURVE(#1075,(IFCLINEINDEX((1,2,3,4,1))),$);
#1077=IFCCARTESIANPOINTLIST2D(((0.035000000000000003,0.035000000000000003),(1.1149999999999998,0.035000000000000003),(1.1149999999999998,1.1149999999999998),(0.035000000000000003,1.1149999999999998)));
#1078=IFCINDEXEDPOLYCURVE(#1077,(IFCLINEINDEX((1,2,3,4,1))),$);
#1079=IFCARBITRARYPROFILEDEFWITHVOIDS(.AREA.,$,#1076,(#1078));
#1080=IFCCARTESIANPOINT((0.025000000000000001,0.34000000000000002,0.025000000000000001));
#1081=IFCDIRECTION((0.,-1.,0.));
#1082=IFCDIRECTION((1.,0.,0.));
#1083=IFCAXIS2PLACEMENT3D(#1080,#1081,#1082);
#1084=IFCDIRECTION((0.,0.,-1.));
#1085=IFCEXTRUDEDAREASOLID(#1079,#1083,#1084,0.035000000000000003);
#1086=IFCINDEXEDPOLYCURVE(#1087,(IFCLINEINDEX((1,2,3,4,1))),$);
#1087=IFCCARTESIANPOINTLIST2D(((0.035000000000000003,0.035000000000000003),(1.1149999999999998,0.035000000000000003),(1.1149999999999998,1.1149999999999998),(0.035000000000000003,1.1149999999999998)));
#1088=IFCARBITRARYCLOSEDPROFILEDEF(.AREA.,$,#1086);
#1089=IFCCARTESIANPOINT((0.025000000000000001,0.35250000000000004,0.025000000000000001));
#1090=IFCDIRECTION((0.,-1.,0.));
#1091=IFCDIRECTION((1.,0.,0.));
#1092=IFCAXIS2PLACEMENT3D(#1089,#1090,#1091);
#1093=IFCDIRECTION((0.,0.,-1.));
#1094=IFCEXTRUDEDAREASOLID(#1088,#1092,#1093,0.01);
#1095=IFCSHAPEREPRESENTATION(#11,'Body','SweptSolid',(#1063,#1074,#1085,#1094));
#1101=IFCPRODUCTDEFINITIONSHAPE($,$,(#1095));
#1102=IFCSTYLEDITEM(#1063,(#61),'Window');
#1103=IFCSTYLEDITEM(#1074,(#61),'Window');
#1104=IFCSTYLEDITEM(#1085,(#61),'Window');
#1105=IFCSTYLEDITEM(#1094,(#61),'Window');
#1106=IFCCARTESIANPOINT((4.5999999999999996,9.1500000000000004,0.90000000000000002));
#1107=IFCDIRECTION((0.,0.,1.));
#1108=IFCDIRECTION((-1.,1.2246467991473532E-16,0.));
#1109=IFCAXIS2PLACEMENT3D(#1106,#1107,#1108);
#1110=IFCLOCALPLACEMENT(#37,#1109);
#1111=IFCPROPERTYSET('18SaF1mC5F9BC3q6Zv8Evz',$,'Pset_WindowCommon',$,(#1113));
#1112=IFCRELDEFINESBYPROPERTIES('3Q8nxwgd14m9RCtqkByGUi',$,$,$,(#1052),#1111);
#1113=IFCPROPERTYSINGLEVALUE('IsExternal',$,IFCBOOLEAN(.T.),$);
#1114=IFCRELFILLSELEMENT('3STKWILCv3HveSXx7DAeAw',$,$,$,#1029,#1052);
#1115=IFCOPENINGELEMENT('2sutfL1en0p9poNz7gZBFZ',$,'L1-win-W1 opening',$,$,#1137,#1131,$,$);
#1116=IFCCARTESIANPOINTLIST2D(((0.,0.),(0.,0.40000000000000002),(1.2,0.40000000000000002),(1.2,0.),(0.,0.)));
#1117=IFCINDEXEDPOLYCURVE(#1116,$,.F.);
#1118=IFCDIRECTION((0.,0.,1.));
#1119=IFCARBITRARYCLOSEDPROFILEDEF(.AREA.,$,#1117);
#1120=IFCCARTESIANPOINT((0.,0.,0.));
#1121=IFCDIRECTION((0.,0.,1.));
#1122=IFCDIRECTION((1.,0.,0.));
#1123=IFCAXIS2PLACEMENT3D(#1120,#1121,#1122);
#1124=IFCEXTRUDEDAREASOLID(#1119,#1123,#1118,1.2);
#1125=IFCSHAPEREPRESENTATION(#11,'Body','SweptSolid',(#1124));
#1131=IFCPRODUCTDEFINITIONSHAPE($,$,(#1125));
#1132=IFCRELVOIDSELEMENT('1bJma0q_L2X8rIH$Mq9HYR',$,$,$,#157,#1115);
#1133=IFCCARTESIANPOINT((1.6500000000000004,-0.20000000000000001,0.90000000000000002));
#1134=IFCDIRECTION((0.,0.,1.));
#1135=IFCDIRECTION((1.,0.,0.));
#1136=IFCAXIS2PLACEMENT3D(#1133,#1134,#1135);
#1137=IFCLOCALPLACEMENT(#179,#1136);
#1138=IFCWINDOW('2ogFOk$EvEkRiSE$5RSwFA',$,'L1-win-W1',$,$,#1196,#1187,'L1-win-W1',1.2,1.2,.WINDOW.,$,$);
#1139=IFCCARTESIANPOINTLIST2D(((0.,0.),(1.2,0.),(1.2,1.2),(0.,1.2)));
#1140=IFCINDEXEDPOLYCURVE(#1139,(IFCLINEINDEX((1,2,3,4,1))),$);
#1141=IFCCARTESIANPOINTLIST2D(((0.025000000000000001,0.025000000000000001),(1.1749999999999998,0.025000000000000001),(1.1749999999999998,1.1749999999999998),(0.025000000000000001,1.1749999999999998)));
#1142=IFCINDEXEDPOLYCURVE(#1141,(IFCLINEINDEX((1,2,3,4,1))),$);
#1143=IFCARBITRARYPROFILEDEFWITHVOIDS(.AREA.,$,#1140,(#1142));
#1144=IFCCARTESIANPOINT((0.,0.34000000000000002,0.));
#1145=IFCDIRECTION((0.,-1.,0.));
#1146=IFCDIRECTION((1.,0.,0.));
#1147=IFCAXIS2PLACEMENT3D(#1144,#1145,#1146);
#1148=IFCDIRECTION((0.,0.,-1.));
#1149=IFCEXTRUDEDAREASOLID(#1143,#1147,#1148,0.0099999999999999534);
#1150=IFCCARTESIANPOINTLIST2D(((0.,0.),(1.2,0.),(1.2,1.2),(0.,1.2)));
#1151=IFCINDEXEDPOLYCURVE(#1150,(IFCLINEINDEX((1,2,3,4,1))),$);
#1152=IFCCARTESIANPOINTLIST2D(((0.050000000000000003,0.050000000000000003),(1.1499999999999999,0.050000000000000003),(1.1499999999999999,1.1499999999999999),(0.050000000000000003,1.1499999999999999)));
#1153=IFCINDEXEDPOLYCURVE(#1152,(IFCLINEINDEX((1,2,3,4,1))),$);
#1154=IFCARBITRARYPROFILEDEFWITHVOIDS(.AREA.,$,#1151,(#1153));
#1155=IFCCARTESIANPOINT((0.,0.050000000000000003,0.));
#1156=IFCDIRECTION((0.,-1.,0.));
#1157=IFCDIRECTION((1.,0.,0.));
#1158=IFCAXIS2PLACEMENT3D(#1155,#1156,#1157);
#1159=IFCDIRECTION((0.,0.,-1.));
#1160=IFCEXTRUDEDAREASOLID(#1154,#1158,#1159,0.29000000000000004);
#1161=IFCCARTESIANPOINTLIST2D(((0.,0.),(1.1499999999999999,0.),(1.1499999999999999,1.1499999999999999),(0.,1.1499999999999999)));
#1162=IFCINDEXEDPOLYCURVE(#1161,(IFCLINEINDEX((1,2,3,4,1))),$);
#1163=IFCCARTESIANPOINTLIST2D(((0.035000000000000003,0.035000000000000003),(1.1149999999999998,0.035000000000000003),(1.1149999999999998,1.1149999999999998),(0.035000000000000003,1.1149999999999998)));
#1164=IFCINDEXEDPOLYCURVE(#1163,(IFCLINEINDEX((1,2,3,4,1))),$);
#1165=IFCARBITRARYPROFILEDEFWITHVOIDS(.AREA.,$,#1162,(#1164));
#1166=IFCCARTESIANPOINT((0.025000000000000001,0.34000000000000002,0.025000000000000001));
#1167=IFCDIRECTION((0.,-1.,0.));
#1168=IFCDIRECTION((1.,0.,0.));
#1169=IFCAXIS2PLACEMENT3D(#1166,#1167,#1168);
#1170=IFCDIRECTION((0.,0.,-1.));
#1171=IFCEXTRUDEDAREASOLID(#1165,#1169,#1170,0.035000000000000003);
#1172=IFCINDEXEDPOLYCURVE(#1173,(IFCLINEINDEX((1,2,3,4,1))),$);
#1173=IFCCARTESIANPOINTLIST2D(((0.035000000000000003,0.035000000000000003),(1.1149999999999998,0.035000000000000003),(1.1149999999999998,1.1149999999999998),(0.035000000000000003,1.1149999999999998)));
#1174=IFCARBITRARYCLOSEDPROFILEDEF(.AREA.,$,#1172);
#1175=IFCCARTESIANPOINT((0.025000000000000001,0.35250000000000004,0.025000000000000001));
#1176=IFCDIRECTION((0.,-1.,0.));
#1177=IFCDIRECTION((1.,0.,0.));
#1178=IFCAXIS2PLACEMENT3D(#1175,#1176,#1177);
#1179=IFCDIRECTION((0.,0.,-1.));
#1180=IFCEXTRUDEDAREASOLID(#1174,#1178,#1179,0.01);
#1181=IFCSHAPEREPRESENTATION(#11,'Body','SweptSolid',(#1149,#1160,#1171,#1180));
#1187=IFCPRODUCTDEFINITIONSHAPE($,$,(#1181));
#1188=IFCSTYLEDITEM(#1149,(#61),'Window');
#1189=IFCSTYLEDITEM(#1160,(#61),'Window');
#1190=IFCSTYLEDITEM(#1171,(#61),'Window');
#1191=IFCSTYLEDITEM(#1180,(#61),'Window');
#1192=IFCCARTESIANPOINT((-0.14999999999999988,7.3499999999999996,0.90000000000000002));
#1193=IFCDIRECTION((0.,0.,1.));
#1194=IFCDIRECTION((6.123233995736766E-17,-1.,0.));
#1195=IFCAXIS2PLACEMENT3D(#1192,#1193,#1194);
#1196=IFCLOCALPLACEMENT(#37,#1195);
#1197=IFCPROPERTYSET('0tKvoXDRz7khELPdfK37Ld',$,'Pset_WindowCommon',$,(#1199));
#1198=IFCRELDEFINESBYPROPERTIES('250h$IDAPDGfO5c8FjLFp3',$,$,$,(#1138),#1197);
#1199=IFCPROPERTYSINGLEVALUE('IsExternal',$,IFCBOOLEAN(.T.),$);
#1200=IFCRELFILLSELEMENT('32HxjtWw11yxRrMpM_zOVA',$,$,$,#1115,#1138);
#1201=IFCOPENINGELEMENT('1E_7HmZPz7eBReU0VpcVrF',$,'L1-win-W2 opening',$,$,#1223,#1217,$,$);
#1202=IFCCARTESIANPOINTLIST2D(((0.,0.),(0.,0.40000000000000002),(1.2,0.40000000000000002),(1.2,0.),(0.,0.)));
#1203=IFCINDEXEDPOLYCURVE(#1202,$,.F.);
#1204=IFCDIRECTION((0.,0.,1.));
#1205=IFCARBITRARYCLOSEDPROFILEDEF(.AREA.,$,#1203);
#1206=IFCCARTESIANPOINT((0.,0.,0.));
#1207=IFCDIRECTION((0.,0.,1.));
#1208=IFCDIRECTION((1.,0.,0.));
#1209=IFCAXIS2PLACEMENT3D(#1206,#1207,#1208);
#1210=IFCEXTRUDEDAREASOLID(#1205,#1209,#1204,1.2);
#1211=IFCSHAPEREPRESENTATION(#11,'Body','SweptSolid',(#1210));
#1217=IFCPRODUCTDEFINITIONSHAPE($,$,(#1211));
#1218=IFCRELVOIDSELEMENT('1RRaECcML6keyQlS9F6$YG',$,$,$,#157,#1201);
#1219=IFCCARTESIANPOINT((6.1500000000000004,-0.20000000000000001,0.90000000000000002));
#1220=IFCDIRECTION((0.,0.,1.));
#1221=IFCDIRECTION((1.,0.,0.));
#1222=IFCAXIS2PLACEMENT3D(#1219,#1220,#1221);
#1223=IFCLOCALPLACEMENT(#179,#1222);
#1224=IFCWINDOW('0eIgWgdyj5OPf$d8Kx9Nes',$,'L1-win-W2',$,$,#1282,#1273,'L1-win-W2',1.2,1.2,.WINDOW.,$,$);
#1225=IFCCARTESIANPOINTLIST2D(((0.,0.),(1.2,0.),(1.2,1.2),(0.,1.2)));
#1226=IFCINDEXEDPOLYCURVE(#1225,(IFCLINEINDEX((1,2,3,4,1))),$);
#1227=IFCCARTESIANPOINTLIST2D(((0.025000000000000001,0.025000000000000001),(1.1749999999999998,0.025000000000000001),(1.1749999999999998,1.1749999999999998),(0.025000000000000001,1.1749999999999998)));
#1228=IFCINDEXEDPOLYCURVE(#1227,(IFCLINEINDEX((1,2,3,4,1))),$);
#1229=IFCARBITRARYPROFILEDEFWITHVOIDS(.AREA.,$,#1226,(#1228));
#1230=IFCCARTESIANPOINT((0.,0.34000000000000002,0.));
#1231=IFCDIRECTION((0.,-1.,0.));
#1232=IFCDIRECTION((1.,0.,0.));
#1233=IFCAXIS2PLACEMENT3D(#1230,#1231,#1232);
#1234=IFCDIRECTION((0.,0.,-1.));
#1235=IFCEXTRUDEDAREASOLID(#1229,#1233,#1234,0.0099999999999999534);
#1236=IFCCARTESIANPOINTLIST2D(((0.,0.),(1.2,0.),(1.2,1.2),(0.,1.2)));
#1237=IFCINDEXEDPOLYCURVE(#1236,(IFCLINEINDEX((1,2,3,4,1))),$);
#1238=IFCCARTESIANPOINTLIST2D(((0.050000000000000003,0.050000000000000003),(1.1499999999999999,0.050000000000000003),(1.1499999999999999,1.1499999999999999),(0.050000000000000003,1.1499999999999999)));
#1239=IFCINDEXEDPOLYCURVE(#1238,(IFCLINEINDEX((1,2,3,4,1))),$);
#1240=IFCARBITRARYPROFILEDEFWITHVOIDS(.AREA.,$,#1237,(#1239));
#1241=IFCCARTESIANPOINT((0.,0.050000000000000003,0.));
#1242=IFCDIRECTION((0.,-1.,0.));
#1243=IFCDIRECTION((1.,0.,0.));
#1244=IFCAXIS2PLACEMENT3D(#1241,#1242,#1243);
#1245=IFCDIRECTION((0.,0.,-1.));
#1246=IFCEXTRUDEDAREASOLID(#1240,#1244,#1245,0.29000000000000004);
#1247=IFCCARTESIANPOINTLIST2D(((0.,0.),(1.1499999999999999,0.),(1.1499999999999999,1.1499999999999999),(0.,1.1499999999999999)));
#1248=IFCINDEXEDPOLYCURVE(#1247,(IFCLINEINDEX((1,2,3,4,1))),$);
#1249=IFCCARTESIANPOINTLIST2D(((0.035000000000000003,0.035000000000000003),(1.1149999999999998,0.035000000000000003),(1.1149999999999998,1.1149999999999998),(0.035000000000000003,1.1149999999999998)));
#1250=IFCINDEXEDPOLYCURVE(#1249,(IFCLINEINDEX((1,2,3,4,1))),$);
#1251=IFCARBITRARYPROFILEDEFWITHVOIDS(.AREA.,$,#1248,(#1250));
#1252=IFCCARTESIANPOINT((0.025000000000000001,0.34000000000000002,0.025000000000000001));
#1253=IFCDIRECTION((0.,-1.,0.));
#1254=IFCDIRECTION((1.,0.,0.));
#1255=IFCAXIS2PLACEMENT3D(#1252,#1253,#1254);
#1256=IFCDIRECTION((0.,0.,-1.));
#1257=IFCEXTRUDEDAREASOLID(#1251,#1255,#1256,0.035000000000000003);
#1258=IFCINDEXEDPOLYCURVE(#1259,(IFCLINEINDEX((1,2,3,4,1))),$);
#1259=IFCCARTESIANPOINTLIST2D(((0.035000000000000003,0.035000000000000003),(1.1149999999999998,0.035000000000000003),(1.1149999999999998,1.1149999999999998),(0.035000000000000003,1.1149999999999998)));
#1260=IFCARBITRARYCLOSEDPROFILEDEF(.AREA.,$,#1258);
#1261=IFCCARTESIANPOINT((0.025000000000000001,0.35250000000000004,0.025000000000000001));
#1262=IFCDIRECTION((0.,-1.,0.));
#1263=IFCDIRECTION((1.,0.,0.));
#1264=IFCAXIS2PLACEMENT3D(#1261,#1262,#1263);
#1265=IFCDIRECTION((0.,0.,-1.));
#1266=IFCEXTRUDEDAREASOLID(#1260,#1264,#1265,0.01);
#1267=IFCSHAPEREPRESENTATION(#11,'Body','SweptSolid',(#1235,#1246,#1257,#1266));
#1273=IFCPRODUCTDEFINITIONSHAPE($,$,(#1267));
#1274=IFCSTYLEDITEM(#1235,(#61),'Window');
#1275=IFCSTYLEDITEM(#1246,(#61),'Window');
#1276=IFCSTYLEDITEM(#1257,(#61),'Window');
#1277=IFCSTYLEDITEM(#1266,(#61),'Window');
#1278=IFCCARTESIANPOINT((-0.14999999999999961,2.8499999999999996,0.90000000000000002));
#1279=IFCDIRECTION((0.,0.,1.));
#1280=IFCDIRECTION((6.123233995736766E-17,-1.,0.));
#1281=IFCAXIS2PLACEMENT3D(#1278,#1279,#1280);
#1282=IFCLOCALPLACEMENT(#37,#1281);
#1283=IFCPROPERTYSET('3L2P2eXoX1PuqHGfQhfpr8',$,'Pset_WindowCommon',$,(#1285));
#1284=IFCRELDEFINESBYPROPERTIES('3zbXApSCT2_goWkLLPuS9G',$,$,$,(#1224),#1283);
#1285=IFCPROPERTYSINGLEVALUE('IsExternal',$,IFCBOOLEAN(.T.),$);
#1286=IFCRELFILLSELEMENT('2ou$U29GT3VBp0zbI7QS9V',$,$,$,#1201,#1224);
#1287=IFCOPENINGELEMENT('2f9dsjr7L5qBGprioVEhCM',$,'L2-door-spine-1 opening',$,$,#1309,#1303,$,$);
#1288=IFCCARTESIANPOINTLIST2D(((0.,0.),(0.,0.22),(0.90000000000000002,0.22),(0.90000000000000002,0.),(0.,0.)));
#1289=IFCINDEXEDPOLYCURVE(#1288,$,.F.);
#1290=IFCDIRECTION((0.,0.,1.));
#1291=IFCARBITRARYCLOSEDPROFILEDEF(.AREA.,$,#1289);
#1292=IFCCARTESIANPOINT((0.,0.,0.));
#1293=IFCDIRECTION((0.,0.,1.));
#1294=IFCDIRECTION((1.,0.,0.));
#1295=IFCAXIS2PLACEMENT3D(#1292,#1293,#1294);
#1296=IFCEXTRUDEDAREASOLID(#1291,#1295,#1290,2.1000000000000001);
#1297=IFCSHAPEREPRESENTATION(#11,'Body','SweptSolid',(#1296));
#1303=IFCPRODUCTDEFINITIONSHAPE($,$,(#1297));
#1304=IFCRELVOIDSELEMENT('3HxvEMtzb7mgiY$8gp9z77',$,$,$,#320,#1287);
#1305=IFCCARTESIANPOINT((1.55,-0.11000000000000032,0.));
#1306=IFCDIRECTION((0.,0.,1.));
#1307=IFCDIRECTION((1.,0.,0.));
#1308=IFCAXIS2PLACEMENT3D(#1305,#1306,#1307);
#1309=IFCLOCALPLACEMENT(#342,#1308);
#1310=IFCDOOR('3k1qhfAGT1nPF5f2HqohAA',$,'L2-door-spine-1',$,$,#1402,#1389,'L2-door-spine-1',2.1000000000000001,0.90000000000000002,.DOOR.,$,$);
#1311=IFCCARTESIANPOINTLIST2D(((0.,0.),(0.,2.1000000000000001),(0.90000000000000002,2.1000000000000001),(0.90000000000000002,0.),(0.875,0.),(0.875,2.0750000000000002),(0.025000000000000001,2.0750000000000002),(0.025000000000000001,0.)));
#1312=IFCINDEXEDPOLYCURVE(#1311,(IFCLINEINDEX((1,2,3,4,5,6,7,8,1))),$);
#1313=IFCARBITRARYCLOSEDPROFILEDEF(.AREA.,$,#1312);
#1314=IFCCARTESIANPOINT((0.,0.025000000000000001,0.));
#1315=IFCDIRECTION((0.,-1.,0.));
#1316=IFCDIRECTION((1.,0.,0.));
#1317=IFCAXIS2PLACEMENT3D(#1314,#1315,#1316);
#1318=IFCDIRECTION((0.,0.,-1.));
#1319=IFCEXTRUDEDAREASOLID(#1313,#1317,#1318,0.095000000000000001);
#1320=IFCCARTESIANPOINTLIST2D(((0.,0.),(0.,2.1000000000000001),(0.90000000000000002,2.1000000000000001),(0.90000000000000002,0.),(0.84999999999999998,0.),(0.84999999999999998,2.0500000000000003),(0.050000000000000003,2.0500000000000003),(0.050000000000000003,0.)));
#1321=IFCINDEXEDPOLYCURVE(#1320,(IFCLINEINDEX((1,2,3,4,5,6,7,8,1))),$);
#1322=IFCARBITRARYCLOSEDPROFILEDEF(.AREA.,$,#1321);
#1323=IFCCARTESIANPOINT((0.,0.,0.));
#1324=IFCDIRECTION((0.,-1.,0.));
#1325=IFCDIRECTION((1.,0.,0.));
#1326=IFCAXIS2PLACEMENT3D(#1323,#1324,#1325);
#1327=IFCDIRECTION((0.,0.,-1.));
#1328=IFCEXTRUDEDAREASOLID(#1322,#1326,#1327,0.025000000000000001);
#1329=IFCCARTESIANPOINTLIST2D(((0.,0.),(0.80000000000000004,0.),(0.80000000000000004,0.10000000000000001),(0.,0.10000000000000001)));
#1330=IFCINDEXEDPOLYCURVE(#1329,(IFCLINEINDEX((1,2,3,4,1))),$);
#1331=IFCARBITRARYCLOSEDPROFILEDEF(.AREA.,$,#1330);
#1332=IFCCARTESIANPOINT((0.050000000000000003,0.,0.));
#1333=IFCDIRECTION((0.,0.,1.));
#1334=IFCDIRECTION((1.,0.,0.));
#1335=IFCAXIS2PLACEMENT3D(#1332,#1333,#1334);
#1336=IFCDIRECTION((0.,0.,1.));
#1337=IFCEXTRUDEDAREASOLID(#1331,#1335,#1336,0.025000000000000001);
#1338=IFCCARTESIANPOINTLIST2D(((0.,0.),(0.,2.125),(0.94999999999999996,2.125),(0.94999999999999996,0.),(0.875,0.),(0.875,2.0499999999999998),(0.074999999999999997,2.0499999999999998),(0.074999999999999997,0.)));
#1339=IFCINDEXEDPOLYCURVE(#1338,(IFCLINEINDEX((1,2,3,4,5,6,7,8,1))),$);
#1340=IFCARBITRARYCLOSEDPROFILEDEF(.AREA.,$,#1339);
#1341=IFCCARTESIANPOINT((-0.024999999999999994,-0.0050000000000000001,0.));
#1342=IFCDIRECTION((0.,-1.,0.));
#1343=IFCDIRECTION((1.,0.,0.));
#1344=IFCAXIS2PLACEMENT3D(#1341,#1342,#1343);
#1345=IFCDIRECTION((0.,0.,-1.));
#1346=IFCEXTRUDEDAREASOLID(#1340,#1344,#1345,0.0050000000000000001);
#1347=IFCCARTESIANPOINTLIST2D(((0.,0.),(0.,2.125),(0.94999999999999996,2.125),(0.94999999999999996,0.),(0.89999999999999991,0.),(0.89999999999999991,2.0750000000000002),(0.049999999999999996,2.0750000000000002),(0.049999999999999996,0.)));
#1348=IFCINDEXEDPOLYCURVE(#1347,(IFCLINEINDEX((1,2,3,4,5,6,7,8,1))),$);
#1349=IFCARBITRARYCLOSEDPROFILEDEF(.AREA.,$,#1348);
#1350=IFCCARTESIANPOINT((-0.024999999999999994,0.12,0.));
#1351=IFCDIRECTION((0.,-1.,0.));
#1352=IFCDIRECTION((1.,0.,0.));
#1353=IFCAXIS2PLACEMENT3D(#1350,#1351,#1352);
#1354=IFCDIRECTION((0.,0.,-1.));
#1355=IFCEXTRUDEDAREASOLID(#1349,#1353,#1354,0.0050000000000000001);
#1356=IFCCARTESIANPOINTLIST2D(((0.,0.),(0.84999999999999998,0.),(0.84999999999999998,0.035000000000000003),(0.,0.035000000000000003)));
#1357=IFCINDEXEDPOLYCURVE(#1356,(IFCLINEINDEX((1,2,3,4,1))),$);
#1358=IFCARBITRARYCLOSEDPROFILEDEF(.AREA.,$,#1357);
#1359=IFCCARTESIANPOINT((0.025000000000000001,0.025000000000000001,0.025000000000000001));
#1360=IFCDIRECTION((0.,0.,1.));
#1361=IFCDIRECTION((1.,0.,0.));
#1362=IFCAXIS2PLACEMENT3D(#1359,#1360,#1361);
#1363=IFCDIRECTION((0.,0.,1.));
#1364=IFCEXTRUDEDAREASOLID(#1358,#1362,#1363,2.0500000000000003);
#1365=IFCCARTESIANPOINTLIST2D(((0.,0.),(0.,-0.040000000000000001),(-0.11999999999999988,-0.040000000000000001),(-0.11999999999999988,-0.02),(-0.020000000000000018,-0.02),(-0.020000000000000018,0.)));
#1366=IFCINDEXEDPOLYCURVE(#1365,(IFCLINEINDEX((1,2,3,4,5,6,1))),$);
#1367=IFCARBITRARYCLOSEDPROFILEDEF(.AREA.,$,#1366);
#1368=IFCCARTESIANPOINT((0.82499999999999996,0.025000000000000001,1.0149999999999999));
#1369=IFCDIRECTION((0.,0.,1.));
#1370=IFCDIRECTION((1.,0.,0.));
#1371=IFCAXIS2PLACEMENT3D(#1368,#1369,#1370);
#1372=IFCDIRECTION((0.,0.,1.));
#1373=IFCEXTRUDEDAREASOLID(#1367,#1371,#1372,0.02);
#1374=IFCEXTRUDEDAREASOLID(#1375,#1378,#1382,0.02);
#1375=IFCARBITRARYCLOSEDPROFILEDEF(.AREA.,$,#1376);
#1376=IFCINDEXEDPOLYCURVE(#1377,(IFCLINEINDEX((1,2,3,4,5,6,1))),$);
#1377=IFCCARTESIANPOINTLIST2D(((0.,0.),(0.,0.040000000000000001),(-0.11999999999999988,0.040000000000000001),(-0.11999999999999988,0.020000000000000011),(-0.020000000000000018,0.020000000000000011),(-0.020000000000000018,0.)));
#1378=IFCAXIS2PLACEMENT3D(#1379,#1380,#1381);
#1379=IFCCARTESIANPOINT((0.82499999999999996,0.060000000000000005,1.0149999999999999));
#1380=IFCDIRECTION((0.,0.,1.));
#1381=IFCDIRECTION((1.,0.,0.));
#1382=IFCDIRECTION((0.,0.,1.));
#1383=IFCSHAPEREPRESENTATION(#11,'Body','SweptSolid',(#1319,#1328,#1364,#1373,#1374,#1337,#1346,#1355));
#1389=IFCPRODUCTDEFINITIONSHAPE($,$,(#1383));
#1390=IFCSTYLEDITEM(#1319,(#58),'Door');
#1391=IFCSTYLEDITEM(#1328,(#58),'Door');
#1392=IFCSTYLEDITEM(#1364,(#58),'Door');
#1393=IFCSTYLEDITEM(#1373,(#58),'Door');
#1394=IFCSTYLEDITEM(#1374,(#58),'Door');
#1395=IFCSTYLEDITEM(#1337,(#58),'Door');
#1396=IFCSTYLEDITEM(#1346,(#58),'Door');
#1397=IFCSTYLEDITEM(#1355,(#58),'Door');
#1398=IFCCARTESIANPOINT((1.55,4.4400000000000004,0.));
#1399=IFCDIRECTION((0.,0.,1.));
#1400=IFCDIRECTION((1.,0.,0.));
#1401=IFCAXIS2PLACEMENT3D(#1398,#1399,#1400);
#1402=IFCLOCALPLACEMENT(#48,#1401);
#1403=IFCPROPERTYSET('0ksMx2wPfFJg7yZAJHOInx',$,'Pset_DoorCommon',$,(#1405));
#1404=IFCRELDEFINESBYPROPERTIES('1JJbLIpef2DQ2tE9eJGTc2',$,$,$,(#1310),#1403);
#1405=IFCPROPERTYSINGLEVALUE('IsExternal',$,IFCBOOLEAN(.F.),$);
#1406=IFCRELFILLSELEMENT('1kBdQKq4TCP8ouUelt_sdk',$,$,$,#1287,#1310);
#1407=IFCOPENINGELEMENT('0zxONpvpD9ax_E$tBZJMak',$,'L2-door-spine-2 opening',$,$,#1429,#1423,$,$);
#1408=IFCCARTESIANPOINTLIST2D(((0.,0.),(0.,0.22),(0.90000000000000002,0.22),(0.90000000000000002,0.),(0.,0.)));
#1409=IFCINDEXEDPOLYCURVE(#1408,$,.F.);
#1410=IFCDIRECTION((0.,0.,1.));
#1411=IFCARBITRARYCLOSEDPROFILEDEF(.AREA.,$,#1409);
#1412=IFCCARTESIANPOINT((0.,0.,0.));
#1413=IFCDIRECTION((0.,0.,1.));
#1414=IFCDIRECTION((1.,0.,0.));
#1415=IFCAXIS2PLACEMENT3D(#1412,#1413,#1414);
#1416=IFCEXTRUDEDAREASOLID(#1411,#1415,#1410,2.1000000000000001);
#1417=IFCSHAPEREPRESENTATION(#11,'Body','SweptSolid',(#1416));
#1423=IFCPRODUCTDEFINITIONSHAPE($,$,(#1417));
#1424=IFCRELVOIDSELEMENT('2JfxXySOnFghmdABxy72BK',$,$,$,#320,#1407);
#1425=IFCCARTESIANPOINT((5.5499999999999998,-0.11000000000000032,0.));
#1426=IFCDIRECTION((0.,0.,1.));
#1427=IFCDIRECTION((1.,0.,0.));
#1428=IFCAXIS2PLACEMENT3D(#1425,#1426,#1427);
#1429=IFCLOCALPLACEMENT(#342,#1428);
#1430=IFCDOOR('0GNUa21653KxJiswlQtvCG',$,'L2-door-spine-2',$,$,#1522,#1509,'L2-door-spine-2',2.1000000000000001,0.90000000000000002,.DOOR.,$,$);
#1431=IFCCARTESIANPOINTLIST2D(((0.,0.),(0.,2.1000000000000001),(0.90000000000000002,2.1000000000000001),(0.90000000000000002,0.),(0.875,0.),(0.875,2.0750000000000002),(0.025000000000000001,2.0750000000000002),(0.025000000000000001,0.)));
#1432=IFCINDEXEDPOLYCURVE(#1431,(IFCLINEINDEX((1,2,3,4,5,6,7,8,1))),$);
#1433=IFCARBITRARYCLOSEDPROFILEDEF(.AREA.,$,#1432);
#1434=IFCCARTESIANPOINT((0.,0.025000000000000001,0.));
#1435=IFCDIRECTION((0.,-1.,0.));
#1436=IFCDIRECTION((1.,0.,0.));
#1437=IFCAXIS2PLACEMENT3D(#1434,#1435,#1436);
#1438=IFCDIRECTION((0.,0.,-1.));
#1439=IFCEXTRUDEDAREASOLID(#1433,#1437,#1438,0.095000000000000001);
#1440=IFCCARTESIANPOINTLIST2D(((0.,0.),(0.,2.1000000000000001),(0.90000000000000002,2.1000000000000001),(0.90000000000000002,0.),(0.84999999999999998,0.),(0.84999999999999998,2.0500000000000003),(0.050000000000000003,2.0500000000000003),(0.050000000000000003,0.)));
#1441=IFCINDEXEDPOLYCURVE(#1440,(IFCLINEINDEX((1,2,3,4,5,6,7,8,1))),$);
#1442=IFCARBITRARYCLOSEDPROFILEDEF(.AREA.,$,#1441);
#1443=IFCCARTESIANPOINT((0.,0.,0.));
#1444=IFCDIRECTION((0.,-1.,0.));
#1445=IFCDIRECTION((1.,0.,0.));
#1446=IFCAXIS2PLACEMENT3D(#1443,#1444,#1445);
#1447=IFCDIRECTION((0.,0.,-1.));
#1448=IFCEXTRUDEDAREASOLID(#1442,#1446,#1447,0.025000000000000001);
#1449=IFCCARTESIANPOINTLIST2D(((0.,0.),(0.80000000000000004,0.),(0.80000000000000004,0.10000000000000001),(0.,0.10000000000000001)));
#1450=IFCINDEXEDPOLYCURVE(#1449,(IFCLINEINDEX((1,2,3,4,1))),$);
#1451=IFCARBITRARYCLOSEDPROFILEDEF(.AREA.,$,#1450);
#1452=IFCCARTESIANPOINT((0.050000000000000003,0.,0.));
#1453=IFCDIRECTION((0.,0.,1.));
#1454=IFCDIRECTION((1.,0.,0.));
#1455=IFCAXIS2PLACEMENT3D(#1452,#1453,#1454);
#1456=IFCDIRECTION((0.,0.,1.));
#1457=IFCEXTRUDEDAREASOLID(#1451,#1455,#1456,0.025000000000000001);
#1458=IFCCARTESIANPOINTLIST2D(((0.,0.),(0.,2.125),(0.94999999999999996,2.125),(0.94999999999999996,0.),(0.875,0.),(0.875,2.0499999999999998),(0.074999999999999997,2.0499999999999998),(0.074999999999999997,0.)));
#1459=IFCINDEXEDPOLYCURVE(#1458,(IFCLINEINDEX((1,2,3,4,5,6,7,8,1))),$);
#1460=IFCARBITRARYCLOSEDPROFILEDEF(.AREA.,$,#1459);
#1461=IFCCARTESIANPOINT((-0.024999999999999994,-0.0050000000000000001,0.));
#1462=IFCDIRECTION((0.,-1.,0.));
#1463=IFCDIRECTION((1.,0.,0.));
#1464=IFCAXIS2PLACEMENT3D(#1461,#1462,#1463);
#1465=IFCDIRECTION((0.,0.,-1.));
#1466=IFCEXTRUDEDAREASOLID(#1460,#1464,#1465,0.0050000000000000001);
#1467=IFCCARTESIANPOINTLIST2D(((0.,0.),(0.,2.125),(0.94999999999999996,2.125),(0.94999999999999996,0.),(0.89999999999999991,0.),(0.89999999999999991,2.0750000000000002),(0.049999999999999996,2.0750000000000002),(0.049999999999999996,0.)));
#1468=IFCINDEXEDPOLYCURVE(#1467,(IFCLINEINDEX((1,2,3,4,5,6,7,8,1))),$);
#1469=IFCARBITRARYCLOSEDPROFILEDEF(.AREA.,$,#1468);
#1470=IFCCARTESIANPOINT((-0.024999999999999994,0.12,0.));
#1471=IFCDIRECTION((0.,-1.,0.));
#1472=IFCDIRECTION((1.,0.,0.));
#1473=IFCAXIS2PLACEMENT3D(#1470,#1471,#1472);
#1474=IFCDIRECTION((0.,0.,-1.));
#1475=IFCEXTRUDEDAREASOLID(#1469,#1473,#1474,0.0050000000000000001);
#1476=IFCCARTESIANPOINTLIST2D(((0.,0.),(0.84999999999999998,0.),(0.84999999999999998,0.035000000000000003),(0.,0.035000000000000003)));
#1477=IFCINDEXEDPOLYCURVE(#1476,(IFCLINEINDEX((1,2,3,4,1))),$);
#1478=IFCARBITRARYCLOSEDPROFILEDEF(.AREA.,$,#1477);
#1479=IFCCARTESIANPOINT((0.025000000000000001,0.025000000000000001,0.025000000000000001));
#1480=IFCDIRECTION((0.,0.,1.));
#1481=IFCDIRECTION((1.,0.,0.));
#1482=IFCAXIS2PLACEMENT3D(#1479,#1480,#1481);
#1483=IFCDIRECTION((0.,0.,1.));
#1484=IFCEXTRUDEDAREASOLID(#1478,#1482,#1483,2.0500000000000003);
#1485=IFCCARTESIANPOINTLIST2D(((0.,0.),(0.,-0.040000000000000001),(-0.11999999999999988,-0.040000000000000001),(-0.11999999999999988,-0.02),(-0.020000000000000018,-0.02),(-0.020000000000000018,0.)));
#1486=IFCINDEXEDPOLYCURVE(#1485,(IFCLINEINDEX((1,2,3,4,5,6,1))),$);
#1487=IFCARBITRARYCLOSEDPROFILEDEF(.AREA.,$,#1486);
#1488=IFCCARTESIANPOINT((0.82499999999999996,0.025000000000000001,1.0149999999999999));
#1489=IFCDIRECTION((0.,0.,1.));
#1490=IFCDIRECTION((1.,0.,0.));
#1491=IFCAXIS2PLACEMENT3D(#1488,#1489,#1490);
#1492=IFCDIRECTION((0.,0.,1.));
#1493=IFCEXTRUDEDAREASOLID(#1487,#1491,#1492,0.02);
#1494=IFCEXTRUDEDAREASOLID(#1495,#1498,#1502,0.02);
#1495=IFCARBITRARYCLOSEDPROFILEDEF(.AREA.,$,#1496);
#1496=IFCINDEXEDPOLYCURVE(#1497,(IFCLINEINDEX((1,2,3,4,5,6,1))),$);
#1497=IFCCARTESIANPOINTLIST2D(((0.,0.),(0.,0.040000000000000001),(-0.11999999999999988,0.040000000000000001),(-0.11999999999999988,0.020000000000000011),(-0.020000000000000018,0.020000000000000011),(-0.020000000000000018,0.)));
#1498=IFCAXIS2PLACEMENT3D(#1499,#1500,#1501);
#1499=IFCCARTESIANPOINT((0.82499999999999996,0.060000000000000005,1.0149999999999999));
#1500=IFCDIRECTION((0.,0.,1.));
#1501=IFCDIRECTION((1.,0.,0.));
#1502=IFCDIRECTION((0.,0.,1.));
#1503=IFCSHAPEREPRESENTATION(#11,'Body','SweptSolid',(#1439,#1448,#1484,#1493,#1494,#1457,#1466,#1475));
#1509=IFCPRODUCTDEFINITIONSHAPE($,$,(#1503));
#1510=IFCSTYLEDITEM(#1439,(#58),'Door');
#1511=IFCSTYLEDITEM(#1448,(#58),'Door');
#1512=IFCSTYLEDITEM(#1484,(#58),'Door');
#1513=IFCSTYLEDITEM(#1493,(#58),'Door');
#1514=IFCSTYLEDITEM(#1494,(#58),'Door');
#1515=IFCSTYLEDITEM(#1457,(#58),'Door');
#1516=IFCSTYLEDITEM(#1466,(#58),'Door');
#1517=IFCSTYLEDITEM(#1475,(#58),'Door');
#1518=IFCCARTESIANPOINT((5.5499999999999998,4.4400000000000004,0.));
#1519=IFCDIRECTION((0.,0.,1.));
#1520=IFCDIRECTION((1.,0.,0.));
#1521=IFCAXIS2PLACEMENT3D(#1518,#1519,#1520);
#1522=IFCLOCALPLACEMENT(#48,#1521);
#1523=IFCPROPERTYSET('0e88gvM2XERPGRlBx0inGy',$,'Pset_DoorCommon',$,(#1525));
#1524=IFCRELDEFINESBYPROPERTIES('2hZolm2R1A8fA64NMGfdHq',$,$,$,(#1430),#1523);
#1525=IFCPROPERTYSINGLEVALUE('IsExternal',$,IFCBOOLEAN(.F.),$);
#1526=IFCRELFILLSELEMENT('2mppBhL5L2owltGxqxAawd',$,$,$,#1407,#1430);
#1527=IFCOPENINGELEMENT('0$cUTOe01E88jiN71NZw65',$,'L2-door-x1 opening',$,$,#1549,#1543,$,$);
#1528=IFCCARTESIANPOINTLIST2D(((0.,0.),(0.,0.22),(0.90000000000000002,0.22),(0.90000000000000002,0.),(0.,0.)));
#1529=IFCINDEXEDPOLYCURVE(#1528,$,.F.);
#1530=IFCDIRECTION((0.,0.,1.));
#1531=IFCARBITRARYCLOSEDPROFILEDEF(.AREA.,$,#1529);
#1532=IFCCARTESIANPOINT((0.,0.,0.));
#1533=IFCDIRECTION((0.,0.,1.));
#1534=IFCDIRECTION((1.,0.,0.));
#1535=IFCAXIS2PLACEMENT3D(#1532,#1533,#1534);
#1536=IFCEXTRUDEDAREASOLID(#1531,#1535,#1530,2.1000000000000001);
#1537=IFCSHAPEREPRESENTATION(#11,'Body','SweptSolid',(#1536));
#1543=IFCPRODUCTDEFINITIONSHAPE($,$,(#1537));
#1544=IFCRELVOIDSELEMENT('2W5BcUNofB6grqSv2zvaZq',$,$,$,#347,#1527);
#1545=IFCCARTESIANPOINT((1.8,-0.11000000000000032,0.));
#1546=IFCDIRECTION((0.,0.,1.));
#1547=IFCDIRECTION((1.,0.,0.));
#1548=IFCAXIS2PLACEMENT3D(#1545,#1546,#1547);
#1549=IFCLOCALPLACEMENT(#369,#1548);
#1550=IFCDOOR('1LPcIak3X36A5MrQlo2kE3',$,'L2-door-x1',$,$,#1642,#1629,'L2-door-x1',2.1000000000000001,0.90000000000000002,.DOOR.,$,$);
#1551=IFCCARTESIANPOINTLIST2D(((0.,0.),(0.,2.1000000000000001),(0.90000000000000002,2.1000000000000001),(0.90000000000000002,0.),(0.875,0.),(0.875,2.0750000000000002),(0.025000000000000001,2.0750000000000002),(0.025000000000000001,0.)));
#1552=IFCINDEXEDPOLYCURVE(#1551,(IFCLINEINDEX((1,2,3,4,5,6,7,8,1))),$);
#1553=IFCARBITRARYCLOSEDPROFILEDEF(.AREA.,$,#1552);
#1554=IFCCARTESIANPOINT((0.,0.025000000000000001,0.));
#1555=IFCDIRECTION((0.,-1.,0.));
#1556=IFCDIRECTION((1.,0.,0.));
#1557=IFCAXIS2PLACEMENT3D(#1554,#1555,#1556);
#1558=IFCDIRECTION((0.,0.,-1.));
#1559=IFCEXTRUDEDAREASOLID(#1553,#1557,#1558,0.095000000000000001);
#1560=IFCCARTESIANPOINTLIST2D(((0.,0.),(0.,2.1000000000000001),(0.90000000000000002,2.1000000000000001),(0.90000000000000002,0.),(0.84999999999999998,0.),(0.84999999999999998,2.0500000000000003),(0.050000000000000003,2.0500000000000003),(0.050000000000000003,0.)));
#1561=IFCINDEXEDPOLYCURVE(#1560,(IFCLINEINDEX((1,2,3,4,5,6,7,8,1))),$);
#1562=IFCARBITRARYCLOSEDPROFILEDEF(.AREA.,$,#1561);
#1563=IFCCARTESIANPOINT((0.,0.,0.));
#1564=IFCDIRECTION((0.,-1.,0.));
#1565=IFCDIRECTION((1.,0.,0.));
#1566=IFCAXIS2PLACEMENT3D(#1563,#1564,#1565);
#1567=IFCDIRECTION((0.,0.,-1.));
#1568=IFCEXTRUDEDAREASOLID(#1562,#1566,#1567,0.025000000000000001);
#1569=IFCCARTESIANPOINTLIST2D(((0.,0.),(0.80000000000000004,0.),(0.80000000000000004,0.10000000000000001),(0.,0.10000000000000001)));
#1570=IFCINDEXEDPOLYCURVE(#1569,(IFCLINEINDEX((1,2,3,4,1))),$);
#1571=IFCARBITRARYCLOSEDPROFILEDEF(.AREA.,$,#1570);
#1572=IFCCARTESIANPOINT((0.050000000000000003,0.,0.));
#1573=IFCDIRECTION((0.,0.,1.));
#1574=IFCDIRECTION((1.,0.,0.));
#1575=IFCAXIS2PLACEMENT3D(#1572,#1573,#1574);
#1576=IFCDIRECTION((0.,0.,1.));
#1577=IFCEXTRUDEDAREASOLID(#1571,#1575,#1576,0.025000000000000001);
#1578=IFCCARTESIANPOINTLIST2D(((0.,0.),(0.,2.125),(0.94999999999999996,2.125),(0.94999999999999996,0.),(0.875,0.),(0.875,2.0499999999999998),(0.074999999999999997,2.0499999999999998),(0.074999999999999997,0.)));
#1579=IFCINDEXEDPOLYCURVE(#1578,(IFCLINEINDEX((1,2,3,4,5,6,7,8,1))),$);
#1580=IFCARBITRARYCLOSEDPROFILEDEF(.AREA.,$,#1579);
#1581=IFCCARTESIANPOINT((-0.024999999999999994,-0.0050000000000000001,0.));
#1582=IFCDIRECTION((0.,-1.,0.));
#1583=IFCDIRECTION((1.,0.,0.));
#1584=IFCAXIS2PLACEMENT3D(#1581,#1582,#1583);
#1585=IFCDIRECTION((0.,0.,-1.));
#1586=IFCEXTRUDEDAREASOLID(#1580,#1584,#1585,0.0050000000000000001);
#1587=IFCCARTESIANPOINTLIST2D(((0.,0.),(0.,2.125),(0.94999999999999996,2.125),(0.94999999999999996,0.),(0.89999999999999991,0.),(0.89999999999999991,2.0750000000000002),(0.049999999999999996,2.0750000000000002),(0.049999999999999996,0.)));
#1588=IFCINDEXEDPOLYCURVE(#1587,(IFCLINEINDEX((1,2,3,4,5,6,7,8,1))),$);
#1589=IFCARBITRARYCLOSEDPROFILEDEF(.AREA.,$,#1588);
#1590=IFCCARTESIANPOINT((-0.024999999999999994,0.12,0.));
#1591=IFCDIRECTION((0.,-1.,0.));
#1592=IFCDIRECTION((1.,0.,0.));
#1593=IFCAXIS2PLACEMENT3D(#1590,#1591,#1592);
#1594=IFCDIRECTION((0.,0.,-1.));
#1595=IFCEXTRUDEDAREASOLID(#1589,#1593,#1594,0.0050000000000000001);
#1596=IFCCARTESIANPOINTLIST2D(((0.,0.),(0.84999999999999998,0.),(0.84999999999999998,0.035000000000000003),(0.,0.035000000000000003)));
#1597=IFCINDEXEDPOLYCURVE(#1596,(IFCLINEINDEX((1,2,3,4,1))),$);
#1598=IFCARBITRARYCLOSEDPROFILEDEF(.AREA.,$,#1597);
#1599=IFCCARTESIANPOINT((0.025000000000000001,0.025000000000000001,0.025000000000000001));
#1600=IFCDIRECTION((0.,0.,1.));
#1601=IFCDIRECTION((1.,0.,0.));
#1602=IFCAXIS2PLACEMENT3D(#1599,#1600,#1601);
#1603=IFCDIRECTION((0.,0.,1.));
#1604=IFCEXTRUDEDAREASOLID(#1598,#1602,#1603,2.0500000000000003);
#1605=IFCCARTESIANPOINTLIST2D(((0.,0.),(0.,-0.040000000000000001),(-0.11999999999999988,-0.040000000000000001),(-0.11999999999999988,-0.02),(-0.020000000000000018,-0.02),(-0.020000000000000018,0.)));
#1606=IFCINDEXEDPOLYCURVE(#1605,(IFCLINEINDEX((1,2,3,4,5,6,1))),$);
#1607=IFCARBITRARYCLOSEDPROFILEDEF(.AREA.,$,#1606);
#1608=IFCCARTESIANPOINT((0.82499999999999996,0.025000000000000001,1.0149999999999999));
#1609=IFCDIRECTION((0.,0.,1.));
#1610=IFCDIRECTION((1.,0.,0.));
#1611=IFCAXIS2PLACEMENT3D(#1608,#1609,#1610);
#1612=IFCDIRECTION((0.,0.,1.));
#1613=IFCEXTRUDEDAREASOLID(#1607,#1611,#1612,0.02);
#1614=IFCEXTRUDEDAREASOLID(#1615,#1618,#1622,0.02);
#1615=IFCARBITRARYCLOSEDPROFILEDEF(.AREA.,$,#1616);
#1616=IFCINDEXEDPOLYCURVE(#1617,(IFCLINEINDEX((1,2,3,4,5,6,1))),$);
#1617=IFCCARTESIANPOINTLIST2D(((0.,0.),(0.,0.040000000000000001),(-0.11999999999999988,0.040000000000000001),(-0.11999999999999988,0.020000000000000011),(-0.020000000000000018,0.020000000000000011),(-0.020000000000000018,0.)));
#1618=IFCAXIS2PLACEMENT3D(#1619,#1620,#1621);
#1619=IFCCARTESIANPOINT((0.82499999999999996,0.060000000000000005,1.0149999999999999));
#1620=IFCDIRECTION((0.,0.,1.));
#1621=IFCDIRECTION((1.,0.,0.));
#1622=IFCDIRECTION((0.,0.,1.));
#1623=IFCSHAPEREPRESENTATION(#11,'Body','SweptSolid',(#1559,#1568,#1604,#1613,#1614,#1577,#1586,#1595));
#1629=IFCPRODUCTDEFINITIONSHAPE($,$,(#1623));
#1630=IFCSTYLEDITEM(#1559,(#58),'Door');
#1631=IFCSTYLEDITEM(#1568,(#58),'Door');
#1632=IFCSTYLEDITEM(#1604,(#58),'Door');
#1633=IFCSTYLEDITEM(#1613,(#58),'Door');
#1634=IFCSTYLEDITEM(#1614,(#58),'Door');
#1635=IFCSTYLEDITEM(#1577,(#58),'Door');
#1636=IFCSTYLEDITEM(#1586,(#58),'Door');
#1637=IFCSTYLEDITEM(#1595,(#58),'Door');
#1638=IFCCARTESIANPOINT((4.0600000000000005,1.8,0.));
#1639=IFCDIRECTION((0.,0.,1.));
#1640=IFCDIRECTION((6.123233995736766E-17,1.,0.));
#1641=IFCAXIS2PLACEMENT3D(#1638,#1639,#1640);
#1642=IFCLOCALPLACEMENT(#48,#1641);
#1643=IFCPROPERTYSET('21_M42qun4cu86zRHzXtur',$,'Pset_DoorCommon',$,(#1645));
#1644=IFCRELDEFINESBYPROPERTIES('0yUN4FXDX3OgraGT6Y7clU',$,$,$,(#1550),#1643);
#1645=IFCPROPERTYSINGLEVALUE('IsExternal',$,IFCBOOLEAN(.F.),$);
#1646=IFCRELFILLSELEMENT('0CFMXhxILETwoY7ZrkS2cy',$,$,$,#1527,#1550);
#1647=IFCOPENINGELEMENT('1yv8JdxcPFvwQLV45SdnbA',$,'L2-win-S1 opening',$,$,#1669,#1663,$,$);
#1648=IFCCARTESIANPOINTLIST2D(((0.,0.),(0.,0.40000000000000002),(1.2,0.40000000000000002),(1.2,0.),(0.,0.)));
#1649=IFCINDEXEDPOLYCURVE(#1648,$,.F.);
#1650=IFCDIRECTION((0.,0.,1.));
#1651=IFCARBITRARYCLOSEDPROFILEDEF(.AREA.,$,#1649);
#1652=IFCCARTESIANPOINT((0.,0.,0.));
#1653=IFCDIRECTION((0.,0.,1.));
#1654=IFCDIRECTION((1.,0.,0.));
#1655=IFCAXIS2PLACEMENT3D(#1652,#1653,#1654);
#1656=IFCEXTRUDEDAREASOLID(#1651,#1655,#1650,1.2);
#1657=IFCSHAPEREPRESENTATION(#11,'Body','SweptSolid',(#1656));
#1663=IFCPRODUCTDEFINITIONSHAPE($,$,(#1657));
#1664=IFCRELVOIDSELEMENT('0_SU0Q5896PhoEk4Jyzt_Y',$,$,$,#211,#1647);
#1665=IFCCARTESIANPOINT((1.5499999999999998,-0.20000000000000001,0.89999999999999991));
#1666=IFCDIRECTION((0.,0.,1.));
#1667=IFCDIRECTION((1.,0.,0.));
#1668=IFCAXIS2PLACEMENT3D(#1665,#1666,#1667);
#1669=IFCLOCALPLACEMENT(#234,#1668);
#1670=IFCWINDOW('06g9UzJLXC2QHRaMJyb5uk',$,'L2-win-S1',$,$,#1728,#1719,'L2-win-S1',1.2,1.2,.WINDOW.,$,$);
#1671=IFCCARTESIANPOINTLIST2D(((0.,0.),(1.2,0.),(1.2,1.2),(0.,1.2)));
#1672=IFCINDEXEDPOLYCURVE(#1671,(IFCLINEINDEX((1,2,3,4,1))),$);
#1673=IFCCARTESIANPOINTLIST2D(((0.025000000000000001,0.025000000000000001),(1.1749999999999998,0.025000000000000001),(1.1749999999999998,1.1749999999999998),(0.025000000000000001,1.1749999999999998)));
#1674=IFCINDEXEDPOLYCURVE(#1673,(IFCLINEINDEX((1,2,3,4,1))),$);
#1675=IFCARBITRARYPROFILEDEFWITHVOIDS(.AREA.,$,#1672,(#1674));
#1676=IFCCARTESIANPOINT((0.,0.34000000000000002,0.));
#1677=IFCDIRECTION((0.,-1.,0.));
#1678=IFCDIRECTION((1.,0.,0.));
#1679=IFCAXIS2PLACEMENT3D(#1676,#1677,#1678);
#1680=IFCDIRECTION((0.,0.,-1.));
#1681=IFCEXTRUDEDAREASOLID(#1675,#1679,#1680,0.0099999999999999534);
#1682=IFCCARTESIANPOINTLIST2D(((0.,0.),(1.2,0.),(1.2,1.2),(0.,1.2)));
#1683=IFCINDEXEDPOLYCURVE(#1682,(IFCLINEINDEX((1,2,3,4,1))),$);
#1684=IFCCARTESIANPOINTLIST2D(((0.050000000000000003,0.050000000000000003),(1.1499999999999999,0.050000000000000003),(1.1499999999999999,1.1499999999999999),(0.050000000000000003,1.1499999999999999)));
#1685=IFCINDEXEDPOLYCURVE(#1684,(IFCLINEINDEX((1,2,3,4,1))),$);
#1686=IFCARBITRARYPROFILEDEFWITHVOIDS(.AREA.,$,#1683,(#1685));
#1687=IFCCARTESIANPOINT((0.,0.050000000000000003,0.));
#1688=IFCDIRECTION((0.,-1.,0.));
#1689=IFCDIRECTION((1.,0.,0.));
#1690=IFCAXIS2PLACEMENT3D(#1687,#1688,#1689);
#1691=IFCDIRECTION((0.,0.,-1.));
#1692=IFCEXTRUDEDAREASOLID(#1686,#1690,#1691,0.29000000000000004);
#1693=IFCCARTESIANPOINTLIST2D(((0.,0.),(1.1499999999999999,0.),(1.1499999999999999,1.1499999999999999),(0.,1.1499999999999999)));
#1694=IFCINDEXEDPOLYCURVE(#1693,(IFCLINEINDEX((1,2,3,4,1))),$);
#1695=IFCCARTESIANPOINTLIST2D(((0.035000000000000003,0.035000000000000003),(1.1149999999999998,0.035000000000000003),(1.1149999999999998,1.1149999999999998),(0.035000000000000003,1.1149999999999998)));
#1696=IFCINDEXEDPOLYCURVE(#1695,(IFCLINEINDEX((1,2,3,4,1))),$);
#1697=IFCARBITRARYPROFILEDEFWITHVOIDS(.AREA.,$,#1694,(#1696));
#1698=IFCCARTESIANPOINT((0.025000000000000001,0.34000000000000002,0.025000000000000001));
#1699=IFCDIRECTION((0.,-1.,0.));
#1700=IFCDIRECTION((1.,0.,0.));
#1701=IFCAXIS2PLACEMENT3D(#1698,#1699,#1700);
#1702=IFCDIRECTION((0.,0.,-1.));
#1703=IFCEXTRUDEDAREASOLID(#1697,#1701,#1702,0.035000000000000003);
#1704=IFCINDEXEDPOLYCURVE(#1705,(IFCLINEINDEX((1,2,3,4,1))),$);
#1705=IFCCARTESIANPOINTLIST2D(((0.035000000000000003,0.035000000000000003),(1.1149999999999998,0.035000000000000003),(1.1149999999999998,1.1149999999999998),(0.035000000000000003,1.1149999999999998)));
#1706=IFCARBITRARYCLOSEDPROFILEDEF(.AREA.,$,#1704);
#1707=IFCCARTESIANPOINT((0.025000000000000001,0.35250000000000004,0.025000000000000001));
#1708=IFCDIRECTION((0.,-1.,0.));
#1709=IFCDIRECTION((1.,0.,0.));
#1710=IFCAXIS2PLACEMENT3D(#1707,#1708,#1709);
#1711=IFCDIRECTION((0.,0.,-1.));
#1712=IFCEXTRUDEDAREASOLID(#1706,#1710,#1711,0.01);
#1713=IFCSHAPEREPRESENTATION(#11,'Body','SweptSolid',(#1681,#1692,#1703,#1712));
#1719=IFCPRODUCTDEFINITIONSHAPE($,$,(#1713));
#1720=IFCSTYLEDITEM(#1681,(#61),'Window');
#1721=IFCSTYLEDITEM(#1692,(#61),'Window');
#1722=IFCSTYLEDITEM(#1703,(#61),'Window');
#1723=IFCSTYLEDITEM(#1712,(#61),'Window');
#1724=IFCCARTESIANPOINT((1.3999999999999999,-0.14999999999999999,0.89999999999999991));
#1725=IFCDIRECTION((0.,0.,1.));
#1726=IFCDIRECTION((1.,0.,0.));
#1727=IFCAXIS2PLACEMENT3D(#1724,#1725,#1726);
#1728=IFCLOCALPLACEMENT(#48,#1727);
#1729=IFCPROPERTYSET('3QPeQoSVPDNP16EaMWDaxn',$,'Pset_WindowCommon',$,(#1731));
#1730=IFCRELDEFINESBYPROPERTIES('3qOw0pfan7OxW41XGJrzXF',$,$,$,(#1670),#1729);
#1731=IFCPROPERTYSINGLEVALUE('IsExternal',$,IFCBOOLEAN(.T.),$);
#1732=IFCRELFILLSELEMENT('3A8qF1U2LDC8eB9WjIXBKO',$,$,$,#1647,#1670);
#1733=IFCOPENINGELEMENT('2LZOclTqb1ePLx5MJiZaZa',$,'L2-win-N1 opening',$,$,#1755,#1749,$,$);
#1734=IFCCARTESIANPOINTLIST2D(((0.,0.),(0.,0.40000000000000002),(1.2,0.40000000000000002),(1.2,0.),(0.,0.)));
#1735=IFCINDEXEDPOLYCURVE(#1734,$,.F.);
#1736=IFCDIRECTION((0.,0.,1.));
#1737=IFCARBITRARYCLOSEDPROFILEDEF(.AREA.,$,#1735);
#1738=IFCCARTESIANPOINT((0.,0.,0.));
#1739=IFCDIRECTION((0.,0.,1.));
#1740=IFCDIRECTION((1.,0.,0.));
#1741=IFCAXIS2PLACEMENT3D(#1738,#1739,#1740);
#1742=IFCEXTRUDEDAREASOLID(#1737,#1741,#1736,1.2);
#1743=IFCSHAPEREPRESENTATION(#11,'Body','SweptSolid',(#1742));
#1749=IFCPRODUCTDEFINITIONSHAPE($,$,(#1743));
#1750=IFCRELVOIDSELEMENT('0bWKzyYZr4_wXaPT$AOCt8',$,$,$,#266,#1733);
#1751=IFCCARTESIANPOINT((5.5500000000000007,-0.19999999999999929,0.89999999999999991));
#1752=IFCDIRECTION((0.,0.,1.));
#1753=IFCDIRECTION((1.,0.,0.));
#1754=IFCAXIS2PLACEMENT3D(#1751,#1752,#1753);
#1755=IFCLOCALPLACEMENT(#288,#1754);
#1756=IFCWINDOW('1Jm5dBFN5BnvUzOhmBoRS7',$,'L2-win-N1',$,$,#1814,#1805,'L2-win-N1',1.2,1.2,.WINDOW.,$,$);
#1757=IFCCARTESIANPOINTLIST2D(((0.,0.),(1.2,0.),(1.2,1.2),(0.,1.2)));
#1758=IFCINDEXEDPOLYCURVE(#1757,(IFCLINEINDEX((1,2,3,4,1))),$);
#1759=IFCCARTESIANPOINTLIST2D(((0.025000000000000001,0.025000000000000001),(1.1749999999999998,0.025000000000000001),(1.1749999999999998,1.1749999999999998),(0.025000000000000001,1.1749999999999998)));
#1760=IFCINDEXEDPOLYCURVE(#1759,(IFCLINEINDEX((1,2,3,4,1))),$);
#1761=IFCARBITRARYPROFILEDEFWITHVOIDS(.AREA.,$,#1758,(#1760));
#1762=IFCCARTESIANPOINT((0.,0.34000000000000002,0.));
#1763=IFCDIRECTION((0.,-1.,0.));
#1764=IFCDIRECTION((1.,0.,0.));
#1765=IFCAXIS2PLACEMENT3D(#1762,#1763,#1764);
#1766=IFCDIRECTION((0.,0.,-1.));
#1767=IFCEXTRUDEDAREASOLID(#1761,#1765,#1766,0.0099999999999999534);
#1768=IFCCARTESIANPOINTLIST2D(((0.,0.),(1.2,0.),(1.2,1.2),(0.,1.2)));
#1769=IFCINDEXEDPOLYCURVE(#1768,(IFCLINEINDEX((1,2,3,4,1))),$);
#1770=IFCCARTESIANPOINTLIST2D(((0.050000000000000003,0.050000000000000003),(1.1499999999999999,0.050000000000000003),(1.1499999999999999,1.1499999999999999),(0.050000000000000003,1.1499999999999999)));
#1771=IFCINDEXEDPOLYCURVE(#1770,(IFCLINEINDEX((1,2,3,4,1))),$);
#1772=IFCARBITRARYPROFILEDEFWITHVOIDS(.AREA.,$,#1769,(#1771));
#1773=IFCCARTESIANPOINT((0.,0.050000000000000003,0.));
#1774=IFCDIRECTION((0.,-1.,0.));
#1775=IFCDIRECTION((1.,0.,0.));
#1776=IFCAXIS2PLACEMENT3D(#1773,#1774,#1775);
#1777=IFCDIRECTION((0.,0.,-1.));
#1778=IFCEXTRUDEDAREASOLID(#1772,#1776,#1777,0.29000000000000004);
#1779=IFCCARTESIANPOINTLIST2D(((0.,0.),(1.1499999999999999,0.),(1.1499999999999999,1.1499999999999999),(0.,1.1499999999999999)));
#1780=IFCINDEXEDPOLYCURVE(#1779,(IFCLINEINDEX((1,2,3,4,1))),$);
#1781=IFCCARTESIANPOINTLIST2D(((0.035000000000000003,0.035000000000000003),(1.1149999999999998,0.035000000000000003),(1.1149999999999998,1.1149999999999998),(0.035000000000000003,1.1149999999999998)));
#1782=IFCINDEXEDPOLYCURVE(#1781,(IFCLINEINDEX((1,2,3,4,1))),$);
#1783=IFCARBITRARYPROFILEDEFWITHVOIDS(.AREA.,$,#1780,(#1782));
#1784=IFCCARTESIANPOINT((0.025000000000000001,0.34000000000000002,0.025000000000000001));
#1785=IFCDIRECTION((0.,-1.,0.));
#1786=IFCDIRECTION((1.,0.,0.));
#1787=IFCAXIS2PLACEMENT3D(#1784,#1785,#1786);
#1788=IFCDIRECTION((0.,0.,-1.));
#1789=IFCEXTRUDEDAREASOLID(#1783,#1787,#1788,0.035000000000000003);
#1790=IFCINDEXEDPOLYCURVE(#1791,(IFCLINEINDEX((1,2,3,4,1))),$);
#1791=IFCCARTESIANPOINTLIST2D(((0.035000000000000003,0.035000000000000003),(1.1149999999999998,0.035000000000000003),(1.1149999999999998,1.1149999999999998),(0.035000000000000003,1.1149999999999998)));
#1792=IFCARBITRARYCLOSEDPROFILEDEF(.AREA.,$,#1790);
#1793=IFCCARTESIANPOINT((0.025000000000000001,0.35250000000000004,0.025000000000000001));
#1794=IFCDIRECTION((0.,-1.,0.));
#1795=IFCDIRECTION((1.,0.,0.));
#1796=IFCAXIS2PLACEMENT3D(#1793,#1794,#1795);
#1797=IFCDIRECTION((0.,0.,-1.));
#1798=IFCEXTRUDEDAREASOLID(#1792,#1796,#1797,0.01);
#1799=IFCSHAPEREPRESENTATION(#11,'Body','SweptSolid',(#1767,#1778,#1789,#1798));
#1805=IFCPRODUCTDEFINITIONSHAPE($,$,(#1799));
#1806=IFCSTYLEDITEM(#1767,(#61),'Window');
#1807=IFCSTYLEDITEM(#1778,(#61),'Window');
#1808=IFCSTYLEDITEM(#1789,(#61),'Window');
#1809=IFCSTYLEDITEM(#1798,(#61),'Window');
#1810=IFCCARTESIANPOINT((2.5999999999999996,9.1500000000000004,0.89999999999999991));
#1811=IFCDIRECTION((0.,0.,1.));
#1812=IFCDIRECTION((-1.,1.2246467991473532E-16,0.));
#1813=IFCAXIS2PLACEMENT3D(#1810,#1811,#1812);
#1814=IFCLOCALPLACEMENT(#48,#1813);
#1815=IFCPROPERTYSET('3EUF736ab62RVodCvwkNNO',$,'Pset_WindowCommon',$,(#1817));
#1816=IFCRELDEFINESBYPROPERTIES('2yGJbbWqPEbx_Yz0SaRKN3',$,$,$,(#1756),#1815);
#1817=IFCPROPERTYSINGLEVALUE('IsExternal',$,IFCBOOLEAN(.T.),$);
#1818=IFCRELFILLSELEMENT('2qReUU2_b6cu0nsvI49Wya',$,$,$,#1733,#1756);
#1819=IFCOPENINGELEMENT('1LG85eOxv6yA$wrvMjY3hC',$,'L2-win-S2 opening',$,$,#1841,#1835,$,$);
#1820=IFCCARTESIANPOINTLIST2D(((0.,0.),(0.,0.40000000000000002),(1.2,0.40000000000000002),(1.2,0.),(0.,0.)));
#1821=IFCINDEXEDPOLYCURVE(#1820,$,.F.);
#1822=IFCDIRECTION((0.,0.,1.));
#1823=IFCARBITRARYCLOSEDPROFILEDEF(.AREA.,$,#1821);
#1824=IFCCARTESIANPOINT((0.,0.,0.));
#1825=IFCDIRECTION((0.,0.,1.));
#1826=IFCDIRECTION((1.,0.,0.));
#1827=IFCAXIS2PLACEMENT3D(#1824,#1825,#1826);
#1828=IFCEXTRUDEDAREASOLID(#1823,#1827,#1822,1.2);
#1829=IFCSHAPEREPRESENTATION(#11,'Body','SweptSolid',(#1828));
#1835=IFCPRODUCTDEFINITIONSHAPE($,$,(#1829));
#1836=IFCRELVOIDSELEMENT('2$aUpCaur5V96ePercNlyB',$,$,$,#211,#1819);
#1837=IFCCARTESIANPOINT((5.5500000000000007,-0.20000000000000001,0.89999999999999991));
#1838=IFCDIRECTION((0.,0.,1.));
#1839=IFCDIRECTION((1.,0.,0.));
#1840=IFCAXIS2PLACEMENT3D(#1837,#1838,#1839);
#1841=IFCLOCALPLACEMENT(#234,#1840);
#1842=IFCWINDOW('1g1LIEINrAJg17Q5yPBshl',$,'L2-win-S2',$,$,#1900,#1891,'L2-win-S2',1.2,1.2,.WINDOW.,$,$);
#1843=IFCCARTESIANPOINTLIST2D(((0.,0.),(1.2,0.),(1.2,1.2),(0.,1.2)));
#1844=IFCINDEXEDPOLYCURVE(#1843,(IFCLINEINDEX((1,2,3,4,1))),$);
#1845=IFCCARTESIANPOINTLIST2D(((0.025000000000000001,0.025000000000000001),(1.1749999999999998,0.025000000000000001),(1.1749999999999998,1.1749999999999998),(0.025000000000000001,1.1749999999999998)));
#1846=IFCINDEXEDPOLYCURVE(#1845,(IFCLINEINDEX((1,2,3,4,1))),$);
#1847=IFCARBITRARYPROFILEDEFWITHVOIDS(.AREA.,$,#1844,(#1846));
#1848=IFCCARTESIANPOINT((0.,0.34000000000000002,0.));
#1849=IFCDIRECTION((0.,-1.,0.));
#1850=IFCDIRECTION((1.,0.,0.));
#1851=IFCAXIS2PLACEMENT3D(#1848,#1849,#1850);
#1852=IFCDIRECTION((0.,0.,-1.));
#1853=IFCEXTRUDEDAREASOLID(#1847,#1851,#1852,0.0099999999999999534);
#1854=IFCCARTESIANPOINTLIST2D(((0.,0.),(1.2,0.),(1.2,1.2),(0.,1.2)));
#1855=IFCINDEXEDPOLYCURVE(#1854,(IFCLINEINDEX((1,2,3,4,1))),$);
#1856=IFCCARTESIANPOINTLIST2D(((0.050000000000000003,0.050000000000000003),(1.1499999999999999,0.050000000000000003),(1.1499999999999999,1.1499999999999999),(0.050000000000000003,1.1499999999999999)));
#1857=IFCINDEXEDPOLYCURVE(#1856,(IFCLINEINDEX((1,2,3,4,1))),$);
#1858=IFCARBITRARYPROFILEDEFWITHVOIDS(.AREA.,$,#1855,(#1857));
#1859=IFCCARTESIANPOINT((0.,0.050000000000000003,0.));
#1860=IFCDIRECTION((0.,-1.,0.));
#1861=IFCDIRECTION((1.,0.,0.));
#1862=IFCAXIS2PLACEMENT3D(#1859,#1860,#1861);
#1863=IFCDIRECTION((0.,0.,-1.));
#1864=IFCEXTRUDEDAREASOLID(#1858,#1862,#1863,0.29000000000000004);
#1865=IFCCARTESIANPOINTLIST2D(((0.,0.),(1.1499999999999999,0.),(1.1499999999999999,1.1499999999999999),(0.,1.1499999999999999)));
#1866=IFCINDEXEDPOLYCURVE(#1865,(IFCLINEINDEX((1,2,3,4,1))),$);
#1867=IFCCARTESIANPOINTLIST2D(((0.035000000000000003,0.035000000000000003),(1.1149999999999998,0.035000000000000003),(1.1149999999999998,1.1149999999999998),(0.035000000000000003,1.1149999999999998)));
#1868=IFCINDEXEDPOLYCURVE(#1867,(IFCLINEINDEX((1,2,3,4,1))),$);
#1869=IFCARBITRARYPROFILEDEFWITHVOIDS(.AREA.,$,#1866,(#1868));
#1870=IFCCARTESIANPOINT((0.025000000000000001,0.34000000000000002,0.025000000000000001));
#1871=IFCDIRECTION((0.,-1.,0.));
#1872=IFCDIRECTION((1.,0.,0.));
#1873=IFCAXIS2PLACEMENT3D(#1870,#1871,#1872);
#1874=IFCDIRECTION((0.,0.,-1.));
#1875=IFCEXTRUDEDAREASOLID(#1869,#1873,#1874,0.035000000000000003);
#1876=IFCINDEXEDPOLYCURVE(#1877,(IFCLINEINDEX((1,2,3,4,1))),$);
#1877=IFCCARTESIANPOINTLIST2D(((0.035000000000000003,0.035000000000000003),(1.1149999999999998,0.035000000000000003),(1.1149999999999998,1.1149999999999998),(0.035000000000000003,1.1149999999999998)));
#1878=IFCARBITRARYCLOSEDPROFILEDEF(.AREA.,$,#1876);
#1879=IFCCARTESIANPOINT((0.025000000000000001,0.35250000000000004,0.025000000000000001));
#1880=IFCDIRECTION((0.,-1.,0.));
#1881=IFCDIRECTION((1.,0.,0.));
#1882=IFCAXIS2PLACEMENT3D(#1879,#1880,#1881);
#1883=IFCDIRECTION((0.,0.,-1.));
#1884=IFCEXTRUDEDAREASOLID(#1878,#1882,#1883,0.01);
#1885=IFCSHAPEREPRESENTATION(#11,'Body','SweptSolid',(#1853,#1864,#1875,#1884));
#1891=IFCPRODUCTDEFINITIONSHAPE($,$,(#1885));
#1892=IFCSTYLEDITEM(#1853,(#61),'Window');
#1893=IFCSTYLEDITEM(#1864,(#61),'Window');
#1894=IFCSTYLEDITEM(#1875,(#61),'Window');
#1895=IFCSTYLEDITEM(#1884,(#61),'Window');
#1896=IFCCARTESIANPOINT((5.4000000000000004,-0.14999999999999999,0.89999999999999991));
#1897=IFCDIRECTION((0.,0.,1.));
#1898=IFCDIRECTION((1.,0.,0.));
#1899=IFCAXIS2PLACEMENT3D(#1896,#1897,#1898);
#1900=IFCLOCALPLACEMENT(#48,#1899);
#1901=IFCPROPERTYSET('39hkrEpbnCFwteP75M$wZa',$,'Pset_WindowCommon',$,(#1903));
#1902=IFCRELDEFINESBYPROPERTIES('0L3G6rILz09BrTASxPnlXC',$,$,$,(#1842),#1901);
#1903=IFCPROPERTYSINGLEVALUE('IsExternal',$,IFCBOOLEAN(.T.),$);
#1904=IFCRELFILLSELEMENT('3tNDgIkoD6PBaJdaZ_c1hy',$,$,$,#1819,#1842);
#1905=IFCOPENINGELEMENT('09NMKAEnP8OBdHltN1gjwu',$,'L2-win-N2 opening',$,$,#1927,#1921,$,$);
#1906=IFCCARTESIANPOINTLIST2D(((0.,0.),(0.,0.40000000000000002),(1.2,0.40000000000000002),(1.2,0.),(0.,0.)));
#1907=IFCINDEXEDPOLYCURVE(#1906,$,.F.);
#1908=IFCDIRECTION((0.,0.,1.));
#1909=IFCARBITRARYCLOSEDPROFILEDEF(.AREA.,$,#1907);
#1910=IFCCARTESIANPOINT((0.,0.,0.));
#1911=IFCDIRECTION((0.,0.,1.));
#1912=IFCDIRECTION((1.,0.,0.));
#1913=IFCAXIS2PLACEMENT3D(#1910,#1911,#1912);
#1914=IFCEXTRUDEDAREASOLID(#1909,#1913,#1908,1.2);
#1915=IFCSHAPEREPRESENTATION(#11,'Body','SweptSolid',(#1914));
#1921=IFCPRODUCTDEFINITIONSHAPE($,$,(#1915));
#1922=IFCRELVOIDSELEMENT('34RoCxpwXC_hFz2LKr0TIj',$,$,$,#266,#1905);
#1923=IFCCARTESIANPOINT((1.5499999999999998,-0.19999999999999929,0.89999999999999991));
#1924=IFCDIRECTION((0.,0.,1.));
#1925=IFCDIRECTION((1.,0.,0.));
#1926=IFCAXIS2PLACEMENT3D(#1923,#1924,#1925);
#1927=IFCLOCALPLACEMENT(#288,#1926);
#1928=IFCWINDOW('2Kes0swRbE0xD8GdvszfVO',$,'L2-win-N2',$,$,#1986,#1977,'L2-win-N2',1.2,1.2,.WINDOW.,$,$);
#1929=IFCCARTESIANPOINTLIST2D(((0.,0.),(1.2,0.),(1.2,1.2),(0.,1.2)));
#1930=IFCINDEXEDPOLYCURVE(#1929,(IFCLINEINDEX((1,2,3,4,1))),$);
#1931=IFCCARTESIANPOINTLIST2D(((0.025000000000000001,0.025000000000000001),(1.1749999999999998,0.025000000000000001),(1.1749999999999998,1.1749999999999998),(0.025000000000000001,1.1749999999999998)));
#1932=IFCINDEXEDPOLYCURVE(#1931,(IFCLINEINDEX((1,2,3,4,1))),$);
#1933=IFCARBITRARYPROFILEDEFWITHVOIDS(.AREA.,$,#1930,(#1932));
#1934=IFCCARTESIANPOINT((0.,0.34000000000000002,0.));
#1935=IFCDIRECTION((0.,-1.,0.));
#1936=IFCDIRECTION((1.,0.,0.));
#1937=IFCAXIS2PLACEMENT3D(#1934,#1935,#1936);
#1938=IFCDIRECTION((0.,0.,-1.));
#1939=IFCEXTRUDEDAREASOLID(#1933,#1937,#1938,0.0099999999999999534);
#1940=IFCCARTESIANPOINTLIST2D(((0.,0.),(1.2,0.),(1.2,1.2),(0.,1.2)));
#1941=IFCINDEXEDPOLYCURVE(#1940,(IFCLINEINDEX((1,2,3,4,1))),$);
#1942=IFCCARTESIANPOINTLIST2D(((0.050000000000000003,0.050000000000000003),(1.1499999999999999,0.050000000000000003),(1.1499999999999999,1.1499999999999999),(0.050000000000000003,1.1499999999999999)));
#1943=IFCINDEXEDPOLYCURVE(#1942,(IFCLINEINDEX((1,2,3,4,1))),$);
#1944=IFCARBITRARYPROFILEDEFWITHVOIDS(.AREA.,$,#1941,(#1943));
#1945=IFCCARTESIANPOINT((0.,0.050000000000000003,0.));
#1946=IFCDIRECTION((0.,-1.,0.));
#1947=IFCDIRECTION((1.,0.,0.));
#1948=IFCAXIS2PLACEMENT3D(#1945,#1946,#1947);
#1949=IFCDIRECTION((0.,0.,-1.));
#1950=IFCEXTRUDEDAREASOLID(#1944,#1948,#1949,0.29000000000000004);
#1951=IFCCARTESIANPOINTLIST2D(((0.,0.),(1.1499999999999999,0.),(1.1499999999999999,1.1499999999999999),(0.,1.1499999999999999)));
#1952=IFCINDEXEDPOLYCURVE(#1951,(IFCLINEINDEX((1,2,3,4,1))),$);
#1953=IFCCARTESIANPOINTLIST2D(((0.035000000000000003,0.035000000000000003),(1.1149999999999998,0.035000000000000003),(1.1149999999999998,1.1149999999999998),(0.035000000000000003,1.1149999999999998)));
#1954=IFCINDEXEDPOLYCURVE(#1953,(IFCLINEINDEX((1,2,3,4,1))),$);
#1955=IFCARBITRARYPROFILEDEFWITHVOIDS(.AREA.,$,#1952,(#1954));
#1956=IFCCARTESIANPOINT((0.025000000000000001,0.34000000000000002,0.025000000000000001));
#1957=IFCDIRECTION((0.,-1.,0.));
#1958=IFCDIRECTION((1.,0.,0.));
#1959=IFCAXIS2PLACEMENT3D(#1956,#1957,#1958);
#1960=IFCDIRECTION((0.,0.,-1.));
#1961=IFCEXTRUDEDAREASOLID(#1955,#1959,#1960,0.035000000000000003);
#1962=IFCINDEXEDPOLYCURVE(#1963,(IFCLINEINDEX((1,2,3,4,1))),$);
#1963=IFCCARTESIANPOINTLIST2D(((0.035000000000000003,0.035000000000000003),(1.1149999999999998,0.035000000000000003),(1.1149999999999998,1.1149999999999998),(0.035000000000000003,1.1149999999999998)));
#1964=IFCARBITRARYCLOSEDPROFILEDEF(.AREA.,$,#1962);
#1965=IFCCARTESIANPOINT((0.025000000000000001,0.35250000000000004,0.025000000000000001));
#1966=IFCDIRECTION((0.,-1.,0.));
#1967=IFCDIRECTION((1.,0.,0.));
#1968=IFCAXIS2PLACEMENT3D(#1965,#1966,#1967);
#1969=IFCDIRECTION((0.,0.,-1.));
#1970=IFCEXTRUDEDAREASOLID(#1964,#1968,#1969,0.01);
#1971=IFCSHAPEREPRESENTATION(#11,'Body','SweptSolid',(#1939,#1950,#1961,#1970));
#1977=IFCPRODUCTDEFINITIONSHAPE($,$,(#1971));
#1978=IFCSTYLEDITEM(#1939,(#61),'Window');
#1979=IFCSTYLEDITEM(#1950,(#61),'Window');
#1980=IFCSTYLEDITEM(#1961,(#61),'Window');
#1981=IFCSTYLEDITEM(#1970,(#61),'Window');
#1982=IFCCARTESIANPOINT((6.5999999999999996,9.1500000000000004,0.89999999999999991));
#1983=IFCDIRECTION((0.,0.,1.));
#1984=IFCDIRECTION((-1.,1.2246467991473532E-16,0.));
#1985=IFCAXIS2PLACEMENT3D(#1982,#1983,#1984);
#1986=IFCLOCALPLACEMENT(#48,#1985);
#1987=IFCPROPERTYSET('1t5AuzmWv1kRR2joHdH_wZ',$,'Pset_WindowCommon',$,(#1989));
#1988=IFCRELDEFINESBYPROPERTIES('0$r0Zq7zX4Uv5hY9qSUejy',$,$,$,(#1928),#1987);
#1989=IFCPROPERTYSINGLEVALUE('IsExternal',$,IFCBOOLEAN(.T.),$);
#1990=IFCRELFILLSELEMENT('0TSNXyDKzCWQjFk_v0g276',$,$,$,#1905,#1928);
#1991=IFCOPENINGELEMENT('0MItz3RVj21A097dl7V0Zs',$,'L2-win-W1 opening',$,$,#2013,#2007,$,$);
#1992=IFCCARTESIANPOINTLIST2D(((0.,0.),(0.,0.40000000000000002),(1.2,0.40000000000000002),(1.2,0.),(0.,0.)));
#1993=IFCINDEXEDPOLYCURVE(#1992,$,.F.);
#1994=IFCDIRECTION((0.,0.,1.));
#1995=IFCARBITRARYCLOSEDPROFILEDEF(.AREA.,$,#1993);
#1996=IFCCARTESIANPOINT((0.,0.,0.));
#1997=IFCDIRECTION((0.,0.,1.));
#1998=IFCDIRECTION((1.,0.,0.));
#1999=IFCAXIS2PLACEMENT3D(#1996,#1997,#1998);
#2000=IFCEXTRUDEDAREASOLID(#1995,#1999,#1994,1.2);
#2001=IFCSHAPEREPRESENTATION(#11,'Body','SweptSolid',(#2000));
#2007=IFCPRODUCTDEFINITIONSHAPE($,$,(#2001));
#2008=IFCRELVOIDSELEMENT('2YFdtMqcjAEOc0Z$SJixdB',$,$,$,#293,#1991);
#2009=IFCCARTESIANPOINT((1.6500000000000004,-0.20000000000000001,0.89999999999999991));
#2010=IFCDIRECTION((0.,0.,1.));
#2011=IFCDIRECTION((1.,0.,0.));
#2012=IFCAXIS2PLACEMENT3D(#2009,#2010,#2011);
#2013=IFCLOCALPLACEMENT(#315,#2012);
#2014=IFCWINDOW('0ZCBU8VZz8LPMw3FHG9Boq',$,'L2-win-W1',$,$,#2072,#2063,'L2-win-W1',1.2,1.2,.WINDOW.,$,$);
#2015=IFCCARTESIANPOINTLIST2D(((0.,0.),(1.2,0.),(1.2,1.2),(0.,1.2)));
#2016=IFCINDEXEDPOLYCURVE(#2015,(IFCLINEINDEX((1,2,3,4,1))),$);
#2017=IFCCARTESIANPOINTLIST2D(((0.025000000000000001,0.025000000000000001),(1.1749999999999998,0.025000000000000001),(1.1749999999999998,1.1749999999999998),(0.025000000000000001,1.1749999999999998)));
#2018=IFCINDEXEDPOLYCURVE(#2017,(IFCLINEINDEX((1,2,3,4,1))),$);
#2019=IFCARBITRARYPROFILEDEFWITHVOIDS(.AREA.,$,#2016,(#2018));
#2020=IFCCARTESIANPOINT((0.,0.34000000000000002,0.));
#2021=IFCDIRECTION((0.,-1.,0.));
#2022=IFCDIRECTION((1.,0.,0.));
#2023=IFCAXIS2PLACEMENT3D(#2020,#2021,#2022);
#2024=IFCDIRECTION((0.,0.,-1.));
#2025=IFCEXTRUDEDAREASOLID(#2019,#2023,#2024,0.0099999999999999534);
#2026=IFCCARTESIANPOINTLIST2D(((0.,0.),(1.2,0.),(1.2,1.2),(0.,1.2)));
#2027=IFCINDEXEDPOLYCURVE(#2026,(IFCLINEINDEX((1,2,3,4,1))),$);
#2028=IFCCARTESIANPOINTLIST2D(((0.050000000000000003,0.050000000000000003),(1.1499999999999999,0.050000000000000003),(1.1499999999999999,1.1499999999999999),(0.050000000000000003,1.1499999999999999)));
#2029=IFCINDEXEDPOLYCURVE(#2028,(IFCLINEINDEX((1,2,3,4,1))),$);
#2030=IFCARBITRARYPROFILEDEFWITHVOIDS(.AREA.,$,#2027,(#2029));
#2031=IFCCARTESIANPOINT((0.,0.050000000000000003,0.));
#2032=IFCDIRECTION((0.,-1.,0.));
#2033=IFCDIRECTION((1.,0.,0.));
#2034=IFCAXIS2PLACEMENT3D(#2031,#2032,#2033);
#2035=IFCDIRECTION((0.,0.,-1.));
#2036=IFCEXTRUDEDAREASOLID(#2030,#2034,#2035,0.29000000000000004);
#2037=IFCCARTESIANPOINTLIST2D(((0.,0.),(1.1499999999999999,0.),(1.1499999999999999,1.1499999999999999),(0.,1.1499999999999999)));
#2038=IFCINDEXEDPOLYCURVE(#2037,(IFCLINEINDEX((1,2,3,4,1))),$);
#2039=IFCCARTESIANPOINTLIST2D(((0.035000000000000003,0.035000000000000003),(1.1149999999999998,0.035000000000000003),(1.1149999999999998,1.1149999999999998),(0.035000000000000003,1.1149999999999998)));
#2040=IFCINDEXEDPOLYCURVE(#2039,(IFCLINEINDEX((1,2,3,4,1))),$);
#2041=IFCARBITRARYPROFILEDEFWITHVOIDS(.AREA.,$,#2038,(#2040));
#2042=IFCCARTESIANPOINT((0.025000000000000001,0.34000000000000002,0.025000000000000001));
#2043=IFCDIRECTION((0.,-1.,0.));
#2044=IFCDIRECTION((1.,0.,0.));
#2045=IFCAXIS2PLACEMENT3D(#2042,#2043,#2044);
#2046=IFCDIRECTION((0.,0.,-1.));
#2047=IFCEXTRUDEDAREASOLID(#2041,#2045,#2046,0.035000000000000003);
#2048=IFCINDEXEDPOLYCURVE(#2049,(IFCLINEINDEX((1,2,3,4,1))),$);
#2049=IFCCARTESIANPOINTLIST2D(((0.035000000000000003,0.035000000000000003),(1.1149999999999998,0.035000000000000003),(1.1149999999999998,1.1149999999999998),(0.035000000000000003,1.1149999999999998)));
#2050=IFCARBITRARYCLOSEDPROFILEDEF(.AREA.,$,#2048);
#2051=IFCCARTESIANPOINT((0.025000000000000001,0.35250000000000004,0.025000000000000001));
#2052=IFCDIRECTION((0.,-1.,0.));
#2053=IFCDIRECTION((1.,0.,0.));
#2054=IFCAXIS2PLACEMENT3D(#2051,#2052,#2053);
#2055=IFCDIRECTION((0.,0.,-1.));
#2056=IFCEXTRUDEDAREASOLID(#2050,#2054,#2055,0.01);
#2057=IFCSHAPEREPRESENTATION(#11,'Body','SweptSolid',(#2025,#2036,#2047,#2056));
#2063=IFCPRODUCTDEFINITIONSHAPE($,$,(#2057));
#2064=IFCSTYLEDITEM(#2025,(#61),'Window');
#2065=IFCSTYLEDITEM(#2036,(#61),'Window');
#2066=IFCSTYLEDITEM(#2047,(#61),'Window');
#2067=IFCSTYLEDITEM(#2056,(#61),'Window');
#2068=IFCCARTESIANPOINT((-0.14999999999999988,7.3499999999999996,0.89999999999999991));
#2069=IFCDIRECTION((0.,0.,1.));
#2070=IFCDIRECTION((6.123233995736766E-17,-1.,0.));
#2071=IFCAXIS2PLACEMENT3D(#2068,#2069,#2070);
#2072=IFCLOCALPLACEMENT(#48,#2071);
#2073=IFCPROPERTYSET('2zksheJlD6BxaCUvxdubHe',$,'Pset_WindowCommon',$,(#2075));
#2074=IFCRELDEFINESBYPROPERTIES('3Sl3uMRA9458H6R$57JzMM',$,$,$,(#2014),#2073);
#2075=IFCPROPERTYSINGLEVALUE('IsExternal',$,IFCBOOLEAN(.T.),$);
#2076=IFCRELFILLSELEMENT('0LMymY9KjE8xCTjGN4e$dN',$,$,$,#1991,#2014);
#2077=IFCOPENINGELEMENT('2NKHaC30b4de4qOm5Gg1m3',$,'L2-win-W2 opening',$,$,#2099,#2093,$,$);
#2078=IFCCARTESIANPOINTLIST2D(((0.,0.),(0.,0.40000000000000002),(1.2,0.40000000000000002),(1.2,0.),(0.,0.)));
#2079=IFCINDEXEDPOLYCURVE(#2078,$,.F.);
#2080=IFCDIRECTION((0.,0.,1.));
#2081=IFCARBITRARYCLOSEDPROFILEDEF(.AREA.,$,#2079);
#2082=IFCCARTESIANPOINT((0.,0.,0.));
#2083=IFCDIRECTION((0.,0.,1.));
#2084=IFCDIRECTION((1.,0.,0.));
#2085=IFCAXIS2PLACEMENT3D(#2082,#2083,#2084);
#2086=IFCEXTRUDEDAREASOLID(#2081,#2085,#2080,1.2);
#2087=IFCSHAPEREPRESENTATION(#11,'Body','SweptSolid',(#2086));
#2093=IFCPRODUCTDEFINITIONSHAPE($,$,(#2087));
#2094=IFCRELVOIDSELEMENT('0DkGv_hFDEKuSdB76PpJXZ',$,$,$,#293,#2077);
#2095=IFCCARTESIANPOINT((6.1500000000000004,-0.20000000000000001,0.89999999999999991));
#2096=IFCDIRECTION((0.,0.,1.));
#2097=IFCDIRECTION((1.,0.,0.));
#2098=IFCAXIS2PLACEMENT3D(#2095,#2096,#2097);
#2099=IFCLOCALPLACEMENT(#315,#2098);
#2100=IFCWINDOW('331pcpW5rBbRY_$au53eo4',$,'L2-win-W2',$,$,#2158,#2149,'L2-win-W2',1.2,1.2,.WINDOW.,$,$);
#2101=IFCCARTESIANPOINTLIST2D(((0.,0.),(1.2,0.),(1.2,1.2),(0.,1.2)));
#2102=IFCINDEXEDPOLYCURVE(#2101,(IFCLINEINDEX((1,2,3,4,1))),$);
#2103=IFCCARTESIANPOINTLIST2D(((0.025000000000000001,0.025000000000000001),(1.1749999999999998,0.025000000000000001),(1.1749999999999998,1.1749999999999998),(0.025000000000000001,1.1749999999999998)));
#2104=IFCINDEXEDPOLYCURVE(#2103,(IFCLINEINDEX((1,2,3,4,1))),$);
#2105=IFCARBITRARYPROFILEDEFWITHVOIDS(.AREA.,$,#2102,(#2104));
#2106=IFCCARTESIANPOINT((0.,0.34000000000000002,0.));
#2107=IFCDIRECTION((0.,-1.,0.));
#2108=IFCDIRECTION((1.,0.,0.));
#2109=IFCAXIS2PLACEMENT3D(#2106,#2107,#2108);
#2110=IFCDIRECTION((0.,0.,-1.));
#2111=IFCEXTRUDEDAREASOLID(#2105,#2109,#2110,0.0099999999999999534);
#2112=IFCCARTESIANPOINTLIST2D(((0.,0.),(1.2,0.),(1.2,1.2),(0.,1.2)));
#2113=IFCINDEXEDPOLYCURVE(#2112,(IFCLINEINDEX((1,2,3,4,1))),$);
#2114=IFCCARTESIANPOINTLIST2D(((0.050000000000000003,0.050000000000000003),(1.1499999999999999,0.050000000000000003),(1.1499999999999999,1.1499999999999999),(0.050000000000000003,1.1499999999999999)));
#2115=IFCINDEXEDPOLYCURVE(#2114,(IFCLINEINDEX((1,2,3,4,1))),$);
#2116=IFCARBITRARYPROFILEDEFWITHVOIDS(.AREA.,$,#2113,(#2115));
#2117=IFCCARTESIANPOINT((0.,0.050000000000000003,0.));
#2118=IFCDIRECTION((0.,-1.,0.));
#2119=IFCDIRECTION((1.,0.,0.));
#2120=IFCAXIS2PLACEMENT3D(#2117,#2118,#2119);
#2121=IFCDIRECTION((0.,0.,-1.));
#2122=IFCEXTRUDEDAREASOLID(#2116,#2120,#2121,0.29000000000000004);
#2123=IFCCARTESIANPOINTLIST2D(((0.,0.),(1.1499999999999999,0.),(1.1499999999999999,1.1499999999999999),(0.,1.1499999999999999)));
#2124=IFCINDEXEDPOLYCURVE(#2123,(IFCLINEINDEX((1,2,3,4,1))),$);
#2125=IFCCARTESIANPOINTLIST2D(((0.035000000000000003,0.035000000000000003),(1.1149999999999998,0.035000000000000003),(1.1149999999999998,1.1149999999999998),(0.035000000000000003,1.1149999999999998)));
#2126=IFCINDEXEDPOLYCURVE(#2125,(IFCLINEINDEX((1,2,3,4,1))),$);
#2127=IFCARBITRARYPROFILEDEFWITHVOIDS(.AREA.,$,#2124,(#2126));
#2128=IFCCARTESIANPOINT((0.025000000000000001,0.34000000000000002,0.025000000000000001));
#2129=IFCDIRECTION((0.,-1.,0.));
#2130=IFCDIRECTION((1.,0.,0.));
#2131=IFCAXIS2PLACEMENT3D(#2128,#2129,#2130);
#2132=IFCDIRECTION((0.,0.,-1.));
#2133=IFCEXTRUDEDAREASOLID(#2127,#2131,#2132,0.035000000000000003);
#2134=IFCINDEXEDPOLYCURVE(#2135,(IFCLINEINDEX((1,2,3,4,1))),$);
#2135=IFCCARTESIANPOINTLIST2D(((0.035000000000000003,0.035000000000000003),(1.1149999999999998,0.035000000000000003),(1.1149999999999998,1.1149999999999998),(0.035000000000000003,1.1149999999999998)));
#2136=IFCARBITRARYCLOSEDPROFILEDEF(.AREA.,$,#2134);
#2137=IFCCARTESIANPOINT((0.025000000000000001,0.35250000000000004,0.025000000000000001));
#2138=IFCDIRECTION((0.,-1.,0.));
#2139=IFCDIRECTION((1.,0.,0.));
#2140=IFCAXIS2PLACEMENT3D(#2137,#2138,#2139);
#2141=IFCDIRECTION((0.,0.,-1.));
#2142=IFCEXTRUDEDAREASOLID(#2136,#2140,#2141,0.01);
#2143=IFCSHAPEREPRESENTATION(#11,'Body','SweptSolid',(#2111,#2122,#2133,#2142));
#2149=IFCPRODUCTDEFINITIONSHAPE($,$,(#2143));
#2150=IFCSTYLEDITEM(#2111,(#61),'Window');
#2151=IFCSTYLEDITEM(#2122,(#61),'Window');
#2152=IFCSTYLEDITEM(#2133,(#61),'Window');
#2153=IFCSTYLEDITEM(#2142,(#61),'Window');
#2154=IFCCARTESIANPOINT((-0.14999999999999961,2.8499999999999996,0.89999999999999991));
#2155=IFCDIRECTION((0.,0.,1.));
#2156=IFCDIRECTION((6.123233995736766E-17,-1.,0.));
#2157=IFCAXIS2PLACEMENT3D(#2154,#2155,#2156);
#2158=IFCLOCALPLACEMENT(#48,#2157);
#2159=IFCPROPERTYSET('0CLKhJo9z1gwyUOGmjfKUz',$,'Pset_WindowCommon',$,(#2161));
#2160=IFCRELDEFINESBYPROPERTIES('3fU_ty87D9RuSiH8BVsTw8',$,$,$,(#2100),#2159);
#2161=IFCPROPERTYSINGLEVALUE('IsExternal',$,IFCBOOLEAN(.T.),$);
#2162=IFCRELFILLSELEMENT('2xaBs5dBr5DADDY8mpUoym',$,$,$,#2077,#2100);
#2163=IFCOPENINGELEMENT('04q_yddz9ChgbFqMNVh2c_',$,'L2-win-E1 opening',$,$,#2185,#2179,$,$);
#2164=IFCCARTESIANPOINTLIST2D(((0.,0.),(0.,0.40000000000000002),(1.2,0.40000000000000002),(1.2,0.),(0.,0.)));
#2165=IFCINDEXEDPOLYCURVE(#2164,$,.F.);
#2166=IFCDIRECTION((0.,0.,1.));
#2167=IFCARBITRARYCLOSEDPROFILEDEF(.AREA.,$,#2165);
#2168=IFCCARTESIANPOINT((0.,0.,0.));
#2169=IFCDIRECTION((0.,0.,1.));
#2170=IFCDIRECTION((1.,0.,0.));
#2171=IFCAXIS2PLACEMENT3D(#2168,#2169,#2170);
#2172=IFCEXTRUDEDAREASOLID(#2167,#2171,#2166,1.2);
#2173=IFCSHAPEREPRESENTATION(#11,'Body','SweptSolid',(#2172));
#2179=IFCPRODUCTDEFINITIONSHAPE($,$,(#2173));
#2180=IFCRELVOIDSELEMENT('1BdCbynA18_92zS$HMq7JF',$,$,$,#239,#2163);
#2181=IFCCARTESIANPOINT((1.6499999999999999,-0.19999999999999929,0.89999999999999991));
#2182=IFCDIRECTION((0.,0.,1.));
#2183=IFCDIRECTION((1.,0.,0.));
#2184=IFCAXIS2PLACEMENT3D(#2181,#2182,#2183);
#2185=IFCLOCALPLACEMENT(#261,#2184);
#2186=IFCWINDOW('22$Q52JyTAJP7p17oxcLMK',$,'L2-win-E1',$,$,#2244,#2235,'L2-win-E1',1.2,1.2,.WINDOW.,$,$);
#2187=IFCCARTESIANPOINTLIST2D(((0.,0.),(1.2,0.),(1.2,1.2),(0.,1.2)));
#2188=IFCINDEXEDPOLYCURVE(#2187,(IFCLINEINDEX((1,2,3,4,1))),$);
#2189=IFCCARTESIANPOINTLIST2D(((0.025000000000000001,0.025000000000000001),(1.1749999999999998,0.025000000000000001),(1.1749999999999998,1.1749999999999998),(0.025000000000000001,1.1749999999999998)));
#2190=IFCINDEXEDPOLYCURVE(#2189,(IFCLINEINDEX((1,2,3,4,1))),$);
#2191=IFCARBITRARYPROFILEDEFWITHVOIDS(.AREA.,$,#2188,(#2190));
#2192=IFCCARTESIANPOINT((0.,0.34000000000000002,0.));
#2193=IFCDIRECTION((0.,-1.,0.));
#2194=IFCDIRECTION((1.,0.,0.));
#2195=IFCAXIS2PLACEMENT3D(#2192,#2193,#2194);
#2196=IFCDIRECTION((0.,0.,-1.));
#2197=IFCEXTRUDEDAREASOLID(#2191,#2195,#2196,0.0099999999999999534);
#2198=IFCCARTESIANPOINTLIST2D(((0.,0.),(1.2,0.),(1.2,1.2),(0.,1.2)));
#2199=IFCINDEXEDPOLYCURVE(#2198,(IFCLINEINDEX((1,2,3,4,1))),$);
#2200=IFCCARTESIANPOINTLIST2D(((0.050000000000000003,0.050000000000000003),(1.1499999999999999,0.050000000000000003),(1.1499999999999999,1.1499999999999999),(0.050000000000000003,1.1499999999999999)));
#2201=IFCINDEXEDPOLYCURVE(#2200,(IFCLINEINDEX((1,2,3,4,1))),$);
#2202=IFCARBITRARYPROFILEDEFWITHVOIDS(.AREA.,$,#2199,(#2201));
#2203=IFCCARTESIANPOINT((0.,0.050000000000000003,0.));
#2204=IFCDIRECTION((0.,-1.,0.));
#2205=IFCDIRECTION((1.,0.,0.));
#2206=IFCAXIS2PLACEMENT3D(#2203,#2204,#2205);
#2207=IFCDIRECTION((0.,0.,-1.));
#2208=IFCEXTRUDEDAREASOLID(#2202,#2206,#2207,0.29000000000000004);
#2209=IFCCARTESIANPOINTLIST2D(((0.,0.),(1.1499999999999999,0.),(1.1499999999999999,1.1499999999999999),(0.,1.1499999999999999)));
#2210=IFCINDEXEDPOLYCURVE(#2209,(IFCLINEINDEX((1,2,3,4,1))),$);
#2211=IFCCARTESIANPOINTLIST2D(((0.035000000000000003,0.035000000000000003),(1.1149999999999998,0.035000000000000003),(1.1149999999999998,1.1149999999999998),(0.035000000000000003,1.1149999999999998)));
#2212=IFCINDEXEDPOLYCURVE(#2211,(IFCLINEINDEX((1,2,3,4,1))),$);
#2213=IFCARBITRARYPROFILEDEFWITHVOIDS(.AREA.,$,#2210,(#2212));
#2214=IFCCARTESIANPOINT((0.025000000000000001,0.34000000000000002,0.025000000000000001));
#2215=IFCDIRECTION((0.,-1.,0.));
#2216=IFCDIRECTION((1.,0.,0.));
#2217=IFCAXIS2PLACEMENT3D(#2214,#2215,#2216);
#2218=IFCDIRECTION((0.,0.,-1.));
#2219=IFCEXTRUDEDAREASOLID(#2213,#2217,#2218,0.035000000000000003);
#2220=IFCINDEXEDPOLYCURVE(#2221,(IFCLINEINDEX((1,2,3,4,1))),$);
#2221=IFCCARTESIANPOINTLIST2D(((0.035000000000000003,0.035000000000000003),(1.1149999999999998,0.035000000000000003),(1.1149999999999998,1.1149999999999998),(0.035000000000000003,1.1149999999999998)));
#2222=IFCARBITRARYCLOSEDPROFILEDEF(.AREA.,$,#2220);
#2223=IFCCARTESIANPOINT((0.025000000000000001,0.35250000000000004,0.025000000000000001));
#2224=IFCDIRECTION((0.,-1.,0.));
#2225=IFCDIRECTION((1.,0.,0.));
#2226=IFCAXIS2PLACEMENT3D(#2223,#2224,#2225);
#2227=IFCDIRECTION((0.,0.,-1.));
#2228=IFCEXTRUDEDAREASOLID(#2222,#2226,#2227,0.01);
#2229=IFCSHAPEREPRESENTATION(#11,'Body','SweptSolid',(#2197,#2208,#2219,#2228));
#2235=IFCPRODUCTDEFINITIONSHAPE($,$,(#2229));
#2236=IFCSTYLEDITEM(#2197,(#61),'Window');
#2237=IFCSTYLEDITEM(#2208,(#61),'Window');
#2238=IFCSTYLEDITEM(#2219,(#61),'Window');
#2239=IFCSTYLEDITEM(#2228,(#61),'Window');
#2240=IFCCARTESIANPOINT((8.1500000000000004,1.6499999999999999,0.89999999999999991));
#2241=IFCDIRECTION((0.,0.,1.));
#2242=IFCDIRECTION((6.123233995736766E-17,1.,0.));
#2243=IFCAXIS2PLACEMENT3D(#2240,#2241,#2242);
#2244=IFCLOCALPLACEMENT(#48,#2243);
#2245=IFCPROPERTYSET('1XWfdF6qX7Jx7Zrwi8EZIo',$,'Pset_WindowCommon',$,(#2247));
#2246=IFCRELDEFINESBYPROPERTIES('3zH9pQzAf9hgViMeXssmJZ',$,$,$,(#2186),#2245);
#2247=IFCPROPERTYSINGLEVALUE('IsExternal',$,IFCBOOLEAN(.T.),$);
#2248=IFCRELFILLSELEMENT('1tXEQj7of6jvjCVS2z1lTZ',$,$,$,#2163,#2186);
#2249=IFCOPENINGELEMENT('1NHXlZ1u570OYI_l6VRfjN',$,'L2-win-E2 opening',$,$,#2271,#2265,$,$);
#2250=IFCCARTESIANPOINTLIST2D(((0.,0.),(0.,0.40000000000000002),(1.2,0.40000000000000002),(1.2,0.),(0.,0.)));
#2251=IFCINDEXEDPOLYCURVE(#2250,$,.F.);
#2252=IFCDIRECTION((0.,0.,1.));
#2253=IFCARBITRARYCLOSEDPROFILEDEF(.AREA.,$,#2251);
#2254=IFCCARTESIANPOINT((0.,0.,0.));
#2255=IFCDIRECTION((0.,0.,1.));
#2256=IFCDIRECTION((1.,0.,0.));
#2257=IFCAXIS2PLACEMENT3D(#2254,#2255,#2256);
#2258=IFCEXTRUDEDAREASOLID(#2253,#2257,#2252,1.2);
#2259=IFCSHAPEREPRESENTATION(#11,'Body','SweptSolid',(#2258));
#2265=IFCPRODUCTDEFINITIONSHAPE($,$,(#2259));
#2266=IFCRELVOIDSELEMENT('3qSnjM8X13H8zBhmrDIDOD',$,$,$,#239,#2249);
#2267=IFCCARTESIANPOINT((6.1500000000000004,-0.20000000000000107,0.89999999999999991));
#2268=IFCDIRECTION((0.,0.,1.));
#2269=IFCDIRECTION((1.,0.,0.));
#2270=IFCAXIS2PLACEMENT3D(#2267,#2268,#2269);
#2271=IFCLOCALPLACEMENT(#261,#2270);
#2272=IFCWINDOW('0hV3ickifCNxWJnaApwunv',$,'L2-win-E2',$,$,#2330,#2321,'L2-win-E2',1.2,1.2,.WINDOW.,$,$);
#2273=IFCCARTESIANPOINTLIST2D(((0.,0.),(1.2,0.),(1.2,1.2),(0.,1.2)));
#2274=IFCINDEXEDPOLYCURVE(#2273,(IFCLINEINDEX((1,2,3,4,1))),$);
#2275=IFCCARTESIANPOINTLIST2D(((0.025000000000000001,0.025000000000000001),(1.1749999999999998,0.025000000000000001),(1.1749999999999998,1.1749999999999998),(0.025000000000000001,1.1749999999999998)));
#2276=IFCINDEXEDPOLYCURVE(#2275,(IFCLINEINDEX((1,2,3,4,1))),$);
#2277=IFCARBITRARYPROFILEDEFWITHVOIDS(.AREA.,$,#2274,(#2276));
#2278=IFCCARTESIANPOINT((0.,0.34000000000000002,0.));
#2279=IFCDIRECTION((0.,-1.,0.));
#2280=IFCDIRECTION((1.,0.,0.));
#2281=IFCAXIS2PLACEMENT3D(#2278,#2279,#2280);
#2282=IFCDIRECTION((0.,0.,-1.));
#2283=IFCEXTRUDEDAREASOLID(#2277,#2281,#2282,0.0099999999999999534);
#2284=IFCCARTESIANPOINTLIST2D(((0.,0.),(1.2,0.),(1.2,1.2),(0.,1.2)));
#2285=IFCINDEXEDPOLYCURVE(#2284,(IFCLINEINDEX((1,2,3,4,1))),$);
#2286=IFCCARTESIANPOINTLIST2D(((0.050000000000000003,0.050000000000000003),(1.1499999999999999,0.050000000000000003),(1.1499999999999999,1.1499999999999999),(0.050000000000000003,1.1499999999999999)));
#2287=IFCINDEXEDPOLYCURVE(#2286,(IFCLINEINDEX((1,2,3,4,1))),$);
#2288=IFCARBITRARYPROFILEDEFWITHVOIDS(.AREA.,$,#2285,(#2287));
#2289=IFCCARTESIANPOINT((0.,0.050000000000000003,0.));
#2290=IFCDIRECTION((0.,-1.,0.));
#2291=IFCDIRECTION((1.,0.,0.));
#2292=IFCAXIS2PLACEMENT3D(#2289,#2290,#2291);
#2293=IFCDIRECTION((0.,0.,-1.));
#2294=IFCEXTRUDEDAREASOLID(#2288,#2292,#2293,0.29000000000000004);
#2295=IFCCARTESIANPOINTLIST2D(((0.,0.),(1.1499999999999999,0.),(1.1499999999999999,1.1499999999999999),(0.,1.1499999999999999)));
#2296=IFCINDEXEDPOLYCURVE(#2295,(IFCLINEINDEX((1,2,3,4,1))),$);
#2297=IFCCARTESIANPOINTLIST2D(((0.035000000000000003,0.035000000000000003),(1.1149999999999998,0.035000000000000003),(1.1149999999999998,1.1149999999999998),(0.035000000000000003,1.1149999999999998)));
#2298=IFCINDEXEDPOLYCURVE(#2297,(IFCLINEINDEX((1,2,3,4,1))),$);
#2299=IFCARBITRARYPROFILEDEFWITHVOIDS(.AREA.,$,#2296,(#2298));
#2300=IFCCARTESIANPOINT((0.025000000000000001,0.34000000000000002,0.025000000000000001));
#2301=IFCDIRECTION((0.,-1.,0.));
#2302=IFCDIRECTION((1.,0.,0.));
#2303=IFCAXIS2PLACEMENT3D(#2300,#2301,#2302);
#2304=IFCDIRECTION((0.,0.,-1.));
#2305=IFCEXTRUDEDAREASOLID(#2299,#2303,#2304,0.035000000000000003);
#2306=IFCINDEXEDPOLYCURVE(#2307,(IFCLINEINDEX((1,2,3,4,1))),$);
#2307=IFCCARTESIANPOINTLIST2D(((0.035000000000000003,0.035000000000000003),(1.1149999999999998,0.035000000000000003),(1.1149999999999998,1.1149999999999998),(0.035000000000000003,1.1149999999999998)));
#2308=IFCARBITRARYCLOSEDPROFILEDEF(.AREA.,$,#2306);
#2309=IFCCARTESIANPOINT((0.025000000000000001,0.35250000000000004,0.025000000000000001));
#2310=IFCDIRECTION((0.,-1.,0.));
#2311=IFCDIRECTION((1.,0.,0.));
#2312=IFCAXIS2PLACEMENT3D(#2309,#2310,#2311);
#2313=IFCDIRECTION((0.,0.,-1.));
#2314=IFCEXTRUDEDAREASOLID(#2308,#2312,#2313,0.01);
#2315=IFCSHAPEREPRESENTATION(#11,'Body','SweptSolid',(#2283,#2294,#2305,#2314));
#2321=IFCPRODUCTDEFINITIONSHAPE($,$,(#2315));
#2322=IFCSTYLEDITEM(#2283,(#61),'Window');
#2323=IFCSTYLEDITEM(#2294,(#61),'Window');
#2324=IFCSTYLEDITEM(#2305,(#61),'Window');
#2325=IFCSTYLEDITEM(#2314,(#61),'Window');
#2326=IFCCARTESIANPOINT((8.1500000000000004,6.1500000000000004,0.89999999999999991));
#2327=IFCDIRECTION((0.,0.,1.));
#2328=IFCDIRECTION((6.123233995736766E-17,1.,0.));
#2329=IFCAXIS2PLACEMENT3D(#2326,#2327,#2328);
#2330=IFCLOCALPLACEMENT(#48,#2329);
#2331=IFCPROPERTYSET('1DxGAJDXX0MP9APaN$4_yT',$,'Pset_WindowCommon',$,(#2333));
#2332=IFCRELDEFINESBYPROPERTIES('1Kpn79L31ENQkmPTxLVJMm',$,$,$,(#2272),#2331);
#2333=IFCPROPERTYSINGLEVALUE('IsExternal',$,IFCBOOLEAN(.T.),$);
#2334=IFCRELFILLSELEMENT('0XCUK43GvAH9gBw2wT1DdA',$,$,$,#2249,#2272);
#2335=IFCOPENINGELEMENT('0MieSFa$H4eQ3_tVoDW0cH',$,'garage-door opening',$,$,#2357,#2351,$,$);
#2336=IFCCARTESIANPOINTLIST2D(((0.,0.),(0.,0.40000000000000002),(5.,0.40000000000000002),(5.,0.),(0.,0.)));
#2337=IFCINDEXEDPOLYCURVE(#2336,$,.F.);
#2338=IFCDIRECTION((0.,0.,1.));
#2339=IFCARBITRARYCLOSEDPROFILEDEF(.AREA.,$,#2337);
#2340=IFCCARTESIANPOINT((0.,0.,0.));
#2341=IFCDIRECTION((0.,0.,1.));
#2342=IFCDIRECTION((1.,0.,0.));
#2343=IFCAXIS2PLACEMENT3D(#2340,#2341,#2342);
#2344=IFCEXTRUDEDAREASOLID(#2339,#2343,#2338,2.3999999999999999);
#2345=IFCSHAPEREPRESENTATION(#11,'Body','SweptSolid',(#2344));
#2351=IFCPRODUCTDEFINITIONSHAPE($,$,(#2345));
#2352=IFCRELVOIDSELEMENT('1MUpkw2GP99fCAOQQ8EiUs',$,$,$,#374,#2335);
#2353=IFCCARTESIANPOINT((0.75,-0.20000000000000001,0.));
#2354=IFCDIRECTION((0.,0.,1.));
#2355=IFCDIRECTION((1.,0.,0.));
#2356=IFCAXIS2PLACEMENT3D(#2353,#2354,#2355);
#2357=IFCLOCALPLACEMENT(#396,#2356);
#2358=IFCDOOR('3ae4qQRRr5zPT3MsYdiGok',$,'Garage door',$,$,#2450,#2437,'garage-door',2.3999999999999999,5.,.DOOR.,$,$);
#2359=IFCCARTESIANPOINTLIST2D(((0.,0.),(0.,2.3999999999999999),(5.,2.3999999999999999),(5.,0.),(4.9749999999999996,0.),(4.9749999999999996,2.375),(0.025000000000000001,2.375),(0.025000000000000001,0.)));
#2360=IFCINDEXEDPOLYCURVE(#2359,(IFCLINEINDEX((1,2,3,4,5,6,7,8,1))),$);
#2361=IFCARBITRARYCLOSEDPROFILEDEF(.AREA.,$,#2360);
#2362=IFCCARTESIANPOINT((0.,0.025000000000000001,0.));
#2363=IFCDIRECTION((0.,-1.,0.));
#2364=IFCDIRECTION((1.,0.,0.));
#2365=IFCAXIS2PLACEMENT3D(#2362,#2363,#2364);
#2366=IFCDIRECTION((0.,0.,-1.));
#2367=IFCEXTRUDEDAREASOLID(#2361,#2365,#2366,0.27499999999999997);
#2368=IFCCARTESIANPOINTLIST2D(((0.,0.),(0.,2.3999999999999999),(5.,2.3999999999999999),(5.,0.),(4.9500000000000002,0.),(4.9500000000000002,2.3500000000000001),(0.050000000000000003,2.3500000000000001),(0.050000000000000003,0.)));
#2369=IFCINDEXEDPOLYCURVE(#2368,(IFCLINEINDEX((1,2,3,4,5,6,7,8,1))),$);
#2370=IFCARBITRARYCLOSEDPROFILEDEF(.AREA.,$,#2369);
#2371=IFCCARTESIANPOINT((0.,0.,0.));
#2372=IFCDIRECTION((0.,-1.,0.));
#2373=IFCDIRECTION((1.,0.,0.));
#2374=IFCAXIS2PLACEMENT3D(#2371,#2372,#2373);
#2375=IFCDIRECTION((0.,0.,-1.));
#2376=IFCEXTRUDEDAREASOLID(#2370,#2374,#2375,0.025000000000000001);
#2377=IFCCARTESIANPOINTLIST2D(((0.,0.),(4.9000000000000004,0.),(4.9000000000000004,0.10000000000000001),(0.,0.10000000000000001)));
#2378=IFCINDEXEDPOLYCURVE(#2377,(IFCLINEINDEX((1,2,3,4,1))),$);
#2379=IFCARBITRARYCLOSEDPROFILEDEF(.AREA.,$,#2378);
#2380=IFCCARTESIANPOINT((0.050000000000000003,0.,0.));
#2381=IFCDIRECTION((0.,0.,1.));
#2382=IFCDIRECTION((1.,0.,0.));
#2383=IFCAXIS2PLACEMENT3D(#2380,#2381,#2382);
#2384=IFCDIRECTION((0.,0.,1.));
#2385=IFCEXTRUDEDAREASOLID(#2379,#2383,#2384,0.025000000000000001);
#2386=IFCCARTESIANPOINTLIST2D(((0.,0.),(0.,2.4249999999999998),(5.0499999999999998,2.4249999999999998),(5.0499999999999998,0.),(4.9749999999999996,0.),(4.9749999999999996,2.3499999999999996),(0.074999999999999997,2.3499999999999996),(0.074999999999999997,0.)));
#2387=IFCINDEXEDPOLYCURVE(#2386,(IFCLINEINDEX((1,2,3,4,5,6,7,8,1))),$);
#2388=IFCARBITRARYCLOSEDPROFILEDEF(.AREA.,$,#2387);
#2389=IFCCARTESIANPOINT((-0.024999999999999994,-0.0050000000000000001,0.));
#2390=IFCDIRECTION((0.,-1.,0.));
#2391=IFCDIRECTION((1.,0.,0.));
#2392=IFCAXIS2PLACEMENT3D(#2389,#2390,#2391);
#2393=IFCDIRECTION((0.,0.,-1.));
#2394=IFCEXTRUDEDAREASOLID(#2388,#2392,#2393,0.0050000000000000001);
#2395=IFCCARTESIANPOINTLIST2D(((0.,0.),(0.,2.4249999999999998),(5.0499999999999998,2.4249999999999998),(5.0499999999999998,0.),(5.,0.),(5.,2.375),(0.049999999999999996,2.375),(0.049999999999999996,0.)));
#2396=IFCINDEXEDPOLYCURVE(#2395,(IFCLINEINDEX((1,2,3,4,5,6,7,8,1))),$);
#2397=IFCARBITRARYCLOSEDPROFILEDEF(.AREA.,$,#2396);
#2398=IFCCARTESIANPOINT((-0.024999999999999994,0.29999999999999999,0.));
#2399=IFCDIRECTION((0.,-1.,0.));
#2400=IFCDIRECTION((1.,0.,0.));
#2401=IFCAXIS2PLACEMENT3D(#2398,#2399,#2400);
#2402=IFCDIRECTION((0.,0.,-1.));
#2403=IFCEXTRUDEDAREASOLID(#2397,#2401,#2402,0.0050000000000000001);
#2404=IFCCARTESIANPOINTLIST2D(((0.,0.),(4.9500000000000002,0.),(4.9500000000000002,0.035000000000000003),(0.,0.035000000000000003)));
#2405=IFCINDEXEDPOLYCURVE(#2404,(IFCLINEINDEX((1,2,3,4,1))),$);
#2406=IFCARBITRARYCLOSEDPROFILEDEF(.AREA.,$,#2405);
#2407=IFCCARTESIANPOINT((0.025000000000000001,0.025000000000000001,0.025000000000000001));
#2408=IFCDIRECTION((0.,0.,1.));
#2409=IFCDIRECTION((1.,0.,0.));
#2410=IFCAXIS2PLACEMENT3D(#2407,#2408,#2409);
#2411=IFCDIRECTION((0.,0.,1.));
#2412=IFCEXTRUDEDAREASOLID(#2406,#2410,#2411,2.3500000000000001);
#2413=IFCCARTESIANPOINTLIST2D(((0.,0.),(0.,-0.040000000000000001),(-0.12000000000000011,-0.040000000000000001),(-0.12000000000000011,-0.02),(-0.020000000000000462,-0.02),(-0.020000000000000462,0.)));
#2414=IFCINDEXEDPOLYCURVE(#2413,(IFCLINEINDEX((1,2,3,4,5,6,1))),$);
#2415=IFCARBITRARYCLOSEDPROFILEDEF(.AREA.,$,#2414);
#2416=IFCCARTESIANPOINT((4.9249999999999998,0.025000000000000001,1.0149999999999999));
#2417=IFCDIRECTION((0.,0.,1.));
#2418=IFCDIRECTION((1.,0.,0.));
#2419=IFCAXIS2PLACEMENT3D(#2416,#2417,#2418);
#2420=IFCDIRECTION((0.,0.,1.));
#2421=IFCEXTRUDEDAREASOLID(#2415,#2419,#2420,0.02);
#2422=IFCEXTRUDEDAREASOLID(#2423,#2426,#2430,0.02);
#2423=IFCARBITRARYCLOSEDPROFILEDEF(.AREA.,$,#2424);
#2424=IFCINDEXEDPOLYCURVE(#2425,(IFCLINEINDEX((1,2,3,4,5,6,1))),$);
#2425=IFCCARTESIANPOINTLIST2D(((0.,0.),(0.,0.040000000000000001),(-0.12000000000000011,0.040000000000000001),(-0.12000000000000011,0.020000000000000011),(-0.020000000000000462,0.020000000000000011),(-0.020000000000000462,0.)));
#2426=IFCAXIS2PLACEMENT3D(#2427,#2428,#2429);
#2427=IFCCARTESIANPOINT((4.9249999999999998,0.060000000000000005,1.0149999999999999));
#2428=IFCDIRECTION((0.,0.,1.));
#2429=IFCDIRECTION((1.,0.,0.));
#2430=IFCDIRECTION((0.,0.,1.));
#2431=IFCSHAPEREPRESENTATION(#11,'Body','SweptSolid',(#2367,#2376,#2412,#2421,#2422,#2385,#2394,#2403));
#2437=IFCPRODUCTDEFINITIONSHAPE($,$,(#2431));
#2438=IFCSTYLEDITEM(#2367,(#58),'Door');
#2439=IFCSTYLEDITEM(#2376,(#58),'Door');
#2440=IFCSTYLEDITEM(#2412,(#58),'Door');
#2441=IFCSTYLEDITEM(#2421,(#58),'Door');
#2442=IFCSTYLEDITEM(#2422,(#58),'Door');
#2443=IFCSTYLEDITEM(#2385,(#58),'Door');
#2444=IFCSTYLEDITEM(#2394,(#58),'Door');
#2445=IFCSTYLEDITEM(#2403,(#58),'Door');
#2446=IFCCARTESIANPOINT((8.9000000000000004,-0.14999999999999999,0.));
#2447=IFCDIRECTION((0.,0.,1.));
#2448=IFCDIRECTION((1.,0.,0.));
#2449=IFCAXIS2PLACEMENT3D(#2446,#2447,#2448);
#2450=IFCLOCALPLACEMENT(#37,#2449);
#2451=IFCPROPERTYSET('1eN4677y9Fe9U_c$whhCI5',$,'Pset_DoorCommon',$,(#2453));
#2452=IFCRELDEFINESBYPROPERTIES('1U_RP9omzCdwpEY4_qIkSK',$,$,$,(#2358),#2451);
#2453=IFCPROPERTYSINGLEVALUE('IsExternal',$,IFCBOOLEAN(.T.),$);
#2454=IFCRELFILLSELEMENT('17or2kR4D0uOHJiizRzQVZ',$,$,$,#2335,#2358);
#2455=IFCOPENINGELEMENT('3BnjRsIxP2HBu6ghWBc4mB',$,'garage-door-house opening',$,$,#2477,#2471,$,$);
#2456=IFCCARTESIANPOINTLIST2D(((0.,0.),(0.,0.40000000000000002),(0.90000000000000002,0.40000000000000002),(0.90000000000000002,0.),(0.,0.)));
#2457=IFCINDEXEDPOLYCURVE(#2456,$,.F.);
#2458=IFCDIRECTION((0.,0.,1.));
#2459=IFCARBITRARYCLOSEDPROFILEDEF(.AREA.,$,#2457);
#2460=IFCCARTESIANPOINT((0.,0.,0.));
#2461=IFCDIRECTION((0.,0.,1.));
#2462=IFCDIRECTION((1.,0.,0.));
#2463=IFCAXIS2PLACEMENT3D(#2460,#2461,#2462);
#2464=IFCEXTRUDEDAREASOLID(#2459,#2463,#2458,2.1000000000000001);
#2465=IFCSHAPEREPRESENTATION(#11,'Body','SweptSolid',(#2464));
#2471=IFCPRODUCTDEFINITIONSHAPE($,$,(#2465));
#2472=IFCRELVOIDSELEMENT('2kgd5RXhH4G8cGwdej9kml',$,$,$,#103,#2455);
#2473=IFCCARTESIANPOINT((1.8,-0.19999999999999929,0.));
#2474=IFCDIRECTION((0.,0.,1.));
#2475=IFCDIRECTION((1.,0.,0.));
#2476=IFCAXIS2PLACEMENT3D(#2473,#2474,#2475);
#2477=IFCLOCALPLACEMENT(#125,#2476);
#2478=IFCDOOR('1TomXvQdv2nO8hIk1NlQYE',$,'Garage to house',$,$,#2570,#2557,'garage-door-house',2.1000000000000001,0.90000000000000002,.DOOR.,$,$);
#2479=IFCCARTESIANPOINTLIST2D(((0.,0.),(0.,2.1000000000000001),(0.90000000000000002,2.1000000000000001),(0.90000000000000002,0.),(0.875,0.),(0.875,2.0750000000000002),(0.025000000000000001,2.0750000000000002),(0.025000000000000001,0.)));
#2480=IFCINDEXEDPOLYCURVE(#2479,(IFCLINEINDEX((1,2,3,4,5,6,7,8,1))),$);
#2481=IFCARBITRARYCLOSEDPROFILEDEF(.AREA.,$,#2480);
#2482=IFCCARTESIANPOINT((0.,0.025000000000000001,0.));
#2483=IFCDIRECTION((0.,-1.,0.));
#2484=IFCDIRECTION((1.,0.,0.));
#2485=IFCAXIS2PLACEMENT3D(#2482,#2483,#2484);
#2486=IFCDIRECTION((0.,0.,-1.));
#2487=IFCEXTRUDEDAREASOLID(#2481,#2485,#2486,0.27499999999999997);
#2488=IFCCARTESIANPOINTLIST2D(((0.,0.),(0.,2.1000000000000001),(0.90000000000000002,2.1000000000000001),(0.90000000000000002,0.),(0.84999999999999998,0.),(0.84999999999999998,2.0500000000000003),(0.050000000000000003,2.0500000000000003),(0.050000000000000003,0.)));
#2489=IFCINDEXEDPOLYCURVE(#2488,(IFCLINEINDEX((1,2,3,4,5,6,7,8,1))),$);
#2490=IFCARBITRARYCLOSEDPROFILEDEF(.AREA.,$,#2489);
#2491=IFCCARTESIANPOINT((0.,0.,0.));
#2492=IFCDIRECTION((0.,-1.,0.));
#2493=IFCDIRECTION((1.,0.,0.));
#2494=IFCAXIS2PLACEMENT3D(#2491,#2492,#2493);
#2495=IFCDIRECTION((0.,0.,-1.));
#2496=IFCEXTRUDEDAREASOLID(#2490,#2494,#2495,0.025000000000000001);
#2497=IFCCARTESIANPOINTLIST2D(((0.,0.),(0.80000000000000004,0.),(0.80000000000000004,0.10000000000000001),(0.,0.10000000000000001)));
#2498=IFCINDEXEDPOLYCURVE(#2497,(IFCLINEINDEX((1,2,3,4,1))),$);
#2499=IFCARBITRARYCLOSEDPROFILEDEF(.AREA.,$,#2498);
#2500=IFCCARTESIANPOINT((0.050000000000000003,0.,0.));
#2501=IFCDIRECTION((0.,0.,1.));
#2502=IFCDIRECTION((1.,0.,0.));
#2503=IFCAXIS2PLACEMENT3D(#2500,#2501,#2502);
#2504=IFCDIRECTION((0.,0.,1.));
#2505=IFCEXTRUDEDAREASOLID(#2499,#2503,#2504,0.025000000000000001);
#2506=IFCCARTESIANPOINTLIST2D(((0.,0.),(0.,2.125),(0.94999999999999996,2.125),(0.94999999999999996,0.),(0.875,0.),(0.875,2.0499999999999998),(0.074999999999999997,2.0499999999999998),(0.074999999999999997,0.)));
#2507=IFCINDEXEDPOLYCURVE(#2506,(IFCLINEINDEX((1,2,3,4,5,6,7,8,1))),$);
#2508=IFCARBITRARYCLOSEDPROFILEDEF(.AREA.,$,#2507);
#2509=IFCCARTESIANPOINT((-0.024999999999999994,-0.0050000000000000001,0.));
#2510=IFCDIRECTION((0.,-1.,0.));
#2511=IFCDIRECTION((1.,0.,0.));
#2512=IFCAXIS2PLACEMENT3D(#2509,#2510,#2511);
#2513=IFCDIRECTION((0.,0.,-1.));
#2514=IFCEXTRUDEDAREASOLID(#2508,#2512,#2513,0.0050000000000000001);
#2515=IFCCARTESIANPOINTLIST2D(((0.,0.),(0.,2.125),(0.94999999999999996,2.125),(0.94999999999999996,0.),(0.89999999999999991,0.),(0.89999999999999991,2.0750000000000002),(0.049999999999999996,2.0750000000000002),(0.049999999999999996,0.)));
#2516=IFCINDEXEDPOLYCURVE(#2515,(IFCLINEINDEX((1,2,3,4,5,6,7,8,1))),$);
#2517=IFCARBITRARYCLOSEDPROFILEDEF(.AREA.,$,#2516);
#2518=IFCCARTESIANPOINT((-0.024999999999999994,0.29999999999999999,0.));
#2519=IFCDIRECTION((0.,-1.,0.));
#2520=IFCDIRECTION((1.,0.,0.));
#2521=IFCAXIS2PLACEMENT3D(#2518,#2519,#2520);
#2522=IFCDIRECTION((0.,0.,-1.));
#2523=IFCEXTRUDEDAREASOLID(#2517,#2521,#2522,0.0050000000000000001);
#2524=IFCCARTESIANPOINTLIST2D(((0.,0.),(0.84999999999999998,0.),(0.84999999999999998,0.035000000000000003),(0.,0.035000000000000003)));
#2525=IFCINDEXEDPOLYCURVE(#2524,(IFCLINEINDEX((1,2,3,4,1))),$);
#2526=IFCARBITRARYCLOSEDPROFILEDEF(.AREA.,$,#2525);
#2527=IFCCARTESIANPOINT((0.025000000000000001,0.025000000000000001,0.025000000000000001));
#2528=IFCDIRECTION((0.,0.,1.));
#2529=IFCDIRECTION((1.,0.,0.));
#2530=IFCAXIS2PLACEMENT3D(#2527,#2528,#2529);
#2531=IFCDIRECTION((0.,0.,1.));
#2532=IFCEXTRUDEDAREASOLID(#2526,#2530,#2531,2.0500000000000003);
#2533=IFCCARTESIANPOINTLIST2D(((0.,0.),(0.,-0.040000000000000001),(-0.11999999999999988,-0.040000000000000001),(-0.11999999999999988,-0.02),(-0.020000000000000018,-0.02),(-0.020000000000000018,0.)));
#2534=IFCINDEXEDPOLYCURVE(#2533,(IFCLINEINDEX((1,2,3,4,5,6,1))),$);
#2535=IFCARBITRARYCLOSEDPROFILEDEF(.AREA.,$,#2534);
#2536=IFCCARTESIANPOINT((0.82499999999999996,0.025000000000000001,1.0149999999999999));
#2537=IFCDIRECTION((0.,0.,1.));
#2538=IFCDIRECTION((1.,0.,0.));
#2539=IFCAXIS2PLACEMENT3D(#2536,#2537,#2538);
#2540=IFCDIRECTION((0.,0.,1.));
#2541=IFCEXTRUDEDAREASOLID(#2535,#2539,#2540,0.02);
#2542=IFCEXTRUDEDAREASOLID(#2543,#2546,#2550,0.02);
#2543=IFCARBITRARYCLOSEDPROFILEDEF(.AREA.,$,#2544);
#2544=IFCINDEXEDPOLYCURVE(#2545,(IFCLINEINDEX((1,2,3,4,5,6,1))),$);
#2545=IFCCARTESIANPOINTLIST2D(((0.,0.),(0.,0.040000000000000001),(-0.11999999999999988,0.040000000000000001),(-0.11999999999999988,0.020000000000000011),(-0.020000000000000018,0.020000000000000011),(-0.020000000000000018,0.)));
#2546=IFCAXIS2PLACEMENT3D(#2547,#2548,#2549);
#2547=IFCCARTESIANPOINT((0.82499999999999996,0.060000000000000005,1.0149999999999999));
#2548=IFCDIRECTION((0.,0.,1.));
#2549=IFCDIRECTION((1.,0.,0.));
#2550=IFCDIRECTION((0.,0.,1.));
#2551=IFCSHAPEREPRESENTATION(#11,'Body','SweptSolid',(#2487,#2496,#2532,#2541,#2542,#2505,#2514,#2523));
#2557=IFCPRODUCTDEFINITIONSHAPE($,$,(#2551));
#2558=IFCSTYLEDITEM(#2487,(#58),'Door');
#2559=IFCSTYLEDITEM(#2496,(#58),'Door');
#2560=IFCSTYLEDITEM(#2532,(#58),'Door');
#2561=IFCSTYLEDITEM(#2541,(#58),'Door');
#2562=IFCSTYLEDITEM(#2542,(#58),'Door');
#2563=IFCSTYLEDITEM(#2505,(#58),'Door');
#2564=IFCSTYLEDITEM(#2514,(#58),'Door');
#2565=IFCSTYLEDITEM(#2523,(#58),'Door');
#2566=IFCCARTESIANPOINT((8.1500000000000004,1.8,0.));
#2567=IFCDIRECTION((0.,0.,1.));
#2568=IFCDIRECTION((6.123233995736766E-17,1.,0.));
#2569=IFCAXIS2PLACEMENT3D(#2566,#2567,#2568);
#2570=IFCLOCALPLACEMENT(#37,#2569);
#2571=IFCPROPERTYSET('0nk2Oclnz6eRkhZ55N70Dp',$,'Pset_DoorCommon',$,(#2573));
#2572=IFCRELDEFINESBYPROPERTIES('3BgteCVHL6$xAX3y3G21jl',$,$,$,(#2478),#2571);
#2573=IFCPROPERTYSINGLEVALUE('IsExternal',$,IFCBOOLEAN(.T.),$);
#2574=IFCRELFILLSELEMENT('2UD73L5en0ufPLS$J8yyux',$,$,$,#2455,#2478);
#2575=IFCOPENINGELEMENT('3qulTZmZX0VRkMBR9frV3j',$,'garage-win-E opening',$,$,#2597,#2591,$,$);
#2576=IFCCARTESIANPOINTLIST2D(((0.,0.),(0.,0.40000000000000002),(1.2,0.40000000000000002),(1.2,0.),(0.,0.)));
#2577=IFCINDEXEDPOLYCURVE(#2576,$,.F.);
#2578=IFCDIRECTION((0.,0.,1.));
#2579=IFCARBITRARYCLOSEDPROFILEDEF(.AREA.,$,#2577);
#2580=IFCCARTESIANPOINT((0.,0.,0.));
#2581=IFCDIRECTION((0.,0.,1.));
#2582=IFCDIRECTION((1.,0.,0.));
#2583=IFCAXIS2PLACEMENT3D(#2580,#2581,#2582);
#2584=IFCEXTRUDEDAREASOLID(#2579,#2583,#2578,1.2);
#2585=IFCSHAPEREPRESENTATION(#11,'Body','SweptSolid',(#2584));
#2591=IFCPRODUCTDEFINITIONSHAPE($,$,(#2585));
#2592=IFCRELVOIDSELEMENT('0L4U_hcODD7eNBwYvSeqSd',$,$,$,#401,#2575);
#2593=IFCCARTESIANPOINT((2.6499999999999999,-0.19999999999999929,0.90000000000000002));
#2594=IFCDIRECTION((0.,0.,1.));
#2595=IFCDIRECTION((1.,0.,0.));
#2596=IFCAXIS2PLACEMENT3D(#2593,#2594,#2595);
#2597=IFCLOCALPLACEMENT(#423,#2596);
#2598=IFCWINDOW('2kUIxbrjL6kxit7Rd4YVKg',$,'garage-win-E',$,$,#2656,#2647,'garage-win-E',1.2,1.2,.WINDOW.,$,$);
#2599=IFCCARTESIANPOINTLIST2D(((0.,0.),(1.2,0.),(1.2,1.2),(0.,1.2)));
#2600=IFCINDEXEDPOLYCURVE(#2599,(IFCLINEINDEX((1,2,3,4,1))),$);
#2601=IFCCARTESIANPOINTLIST2D(((0.025000000000000001,0.025000000000000001),(1.1749999999999998,0.025000000000000001),(1.1749999999999998,1.1749999999999998),(0.025000000000000001,1.1749999999999998)));
#2602=IFCINDEXEDPOLYCURVE(#2601,(IFCLINEINDEX((1,2,3,4,1))),$);
#2603=IFCARBITRARYPROFILEDEFWITHVOIDS(.AREA.,$,#2600,(#2602));
#2604=IFCCARTESIANPOINT((0.,0.34000000000000002,0.));
#2605=IFCDIRECTION((0.,-1.,0.));
#2606=IFCDIRECTION((1.,0.,0.));
#2607=IFCAXIS2PLACEMENT3D(#2604,#2605,#2606);
#2608=IFCDIRECTION((0.,0.,-1.));
#2609=IFCEXTRUDEDAREASOLID(#2603,#2607,#2608,0.0099999999999999534);
#2610=IFCCARTESIANPOINTLIST2D(((0.,0.),(1.2,0.),(1.2,1.2),(0.,1.2)));
#2611=IFCINDEXEDPOLYCURVE(#2610,(IFCLINEINDEX((1,2,3,4,1))),$);
#2612=IFCCARTESIANPOINTLIST2D(((0.050000000000000003,0.050000000000000003),(1.1499999999999999,0.050000000000000003),(1.1499999999999999,1.1499999999999999),(0.050000000000000003,1.1499999999999999)));
#2613=IFCINDEXEDPOLYCURVE(#2612,(IFCLINEINDEX((1,2,3,4,1))),$);
#2614=IFCARBITRARYPROFILEDEFWITHVOIDS(.AREA.,$,#2611,(#2613));
#2615=IFCCARTESIANPOINT((0.,0.050000000000000003,0.));
#2616=IFCDIRECTION((0.,-1.,0.));
#2617=IFCDIRECTION((1.,0.,0.));
#2618=IFCAXIS2PLACEMENT3D(#2615,#2616,#2617);
#2619=IFCDIRECTION((0.,0.,-1.));
#2620=IFCEXTRUDEDAREASOLID(#2614,#2618,#2619,0.29000000000000004);
#2621=IFCCARTESIANPOINTLIST2D(((0.,0.),(1.1499999999999999,0.),(1.1499999999999999,1.1499999999999999),(0.,1.1499999999999999)));
#2622=IFCINDEXEDPOLYCURVE(#2621,(IFCLINEINDEX((1,2,3,4,1))),$);
#2623=IFCCARTESIANPOINTLIST2D(((0.035000000000000003,0.035000000000000003),(1.1149999999999998,0.035000000000000003),(1.1149999999999998,1.1149999999999998),(0.035000000000000003,1.1149999999999998)));
#2624=IFCINDEXEDPOLYCURVE(#2623,(IFCLINEINDEX((1,2,3,4,1))),$);
#2625=IFCARBITRARYPROFILEDEFWITHVOIDS(.AREA.,$,#2622,(#2624));
#2626=IFCCARTESIANPOINT((0.025000000000000001,0.34000000000000002,0.025000000000000001));
#2627=IFCDIRECTION((0.,-1.,0.));
#2628=IFCDIRECTION((1.,0.,0.));
#2629=IFCAXIS2PLACEMENT3D(#2626,#2627,#2628);
#2630=IFCDIRECTION((0.,0.,-1.));
#2631=IFCEXTRUDEDAREASOLID(#2625,#2629,#2630,0.035000000000000003);
#2632=IFCINDEXEDPOLYCURVE(#2633,(IFCLINEINDEX((1,2,3,4,1))),$);
#2633=IFCCARTESIANPOINTLIST2D(((0.035000000000000003,0.035000000000000003),(1.1149999999999998,0.035000000000000003),(1.1149999999999998,1.1149999999999998),(0.035000000000000003,1.1149999999999998)));
#2634=IFCARBITRARYCLOSEDPROFILEDEF(.AREA.,$,#2632);
#2635=IFCCARTESIANPOINT((0.025000000000000001,0.35250000000000004,0.025000000000000001));
#2636=IFCDIRECTION((0.,-1.,0.));
#2637=IFCDIRECTION((1.,0.,0.));
#2638=IFCAXIS2PLACEMENT3D(#2635,#2636,#2637);
#2639=IFCDIRECTION((0.,0.,-1.));
#2640=IFCEXTRUDEDAREASOLID(#2634,#2638,#2639,0.01);
#2641=IFCSHAPEREPRESENTATION(#11,'Body','SweptSolid',(#2609,#2620,#2631,#2640));
#2647=IFCPRODUCTDEFINITIONSHAPE($,$,(#2641));
#2648=IFCSTYLEDITEM(#2609,(#61),'Window');
#2649=IFCSTYLEDITEM(#2620,(#61),'Window');
#2650=IFCSTYLEDITEM(#2631,(#61),'Window');
#2651=IFCSTYLEDITEM(#2640,(#61),'Window');
#2652=IFCCARTESIANPOINT((14.65,2.6499999999999999,0.90000000000000002));
#2653=IFCDIRECTION((0.,0.,1.));
#2654=IFCDIRECTION((6.123233995736766E-17,1.,0.));
#2655=IFCAXIS2PLACEMENT3D(#2652,#2653,#2654);
#2656=IFCLOCALPLACEMENT(#37,#2655);
#2657=IFCPROPERTYSET('3x_yXqw9rCrwswH21OL5gH',$,'Pset_WindowCommon',$,(#2659));
#2658=IFCRELDEFINESBYPROPERTIES('3l6Khgn5D1Vx$GQ$oWdZ6C',$,$,$,(#2598),#2657);
#2659=IFCPROPERTYSINGLEVALUE('IsExternal',$,IFCBOOLEAN(.T.),$);
#2660=IFCRELFILLSELEMENT('3FEUtMpR994x$SdDKEBksy',$,$,$,#2575,#2598);
ENDSEC;
END-ISO-10303-21;
